country,year,leader_change
MEX,1995,0
MEX,1996,0
MEX,1997,0
MEX,1998,0
MEX,1999,0
MEX,2000,0
MEX,2001,0
MEX,2002,0
MEX,2003,0
MEX,2004,0
MEX,2005,0
MEX,2006,0
MEX,2007,0
MEX,2008,0
MEX,2009,0
MEX,2010,0
MEX,2011,0
MEX,2012,0
MEX,2013,0
MEX,2014,0
MEX,2015,0
MEX,2016,0
MEX,2017,0
MEX,2018,0
MEX,2019,0
MEX,2020,0
MEX,2021,0
MEX,2022,0
MEX,2023,0
MEX,2024,0
SUR,1995,0
SUR,1996,0
SUR,1997,0
SUR,1998,0
SUR,1999,0
SUR,2000,0
SUR,2001,0
SUR,2002,0
SUR,2003,0
SUR,2004,0
SUR,2005,0
SUR,2006,0
SUR,2007,0
SUR,2008,0
SUR,2009,0
SUR,2010,0
SUR,2011,0
SUR,2012,0
SUR,2013,0
SUR,2014,0
SUR,2015,0
SUR,2016,0
SUR,2017,0
SUR,2018,0
SUR,2019,0
SUR,2020,0
SUR,2021,0
SUR,2022,0
SUR,2023,0
SUR,2024,0
SWE,1995,0
SWE,1996,0
SWE,1997,0
SWE,1998,0
SWE,1999,0
SWE,2000,0
SWE,2001,0
SWE,2002,0
SWE,2003,0
SWE,2004,0
SWE,2005,0
SWE,2006,0
SWE,2007,0
SWE,2008,0
SWE,2009,0
SWE,2010,0
SWE,2011,0
SWE,2012,0
SWE,2013,0
SWE,2014,0
SWE,2015,0
SWE,2016,0
SWE,2017,0
SWE,2018,0
SWE,2019,0
SWE,2020,0
SWE,2021,0
SWE,2022,0
SWE,2023,0
SWE,2024,0
CHE,1995,0
CHE,1996,0
CHE,1997,0
CHE,1998,0
CHE,1999,0
CHE,2000,0
CHE,2001,0
CHE,2002,0
CHE,2003,0
CHE,2004,0
CHE,2005,0
CHE,2006,0
CHE,2007,0
CHE,2008,0
CHE,2009,0
CHE,2010,0
CHE,2011,0
CHE,2012,0
CHE,2013,0
CHE,2014,0
CHE,2015,0
CHE,2016,0
CHE,2017,0
CHE,2018,0
CHE,2019,0
CHE,2020,0
CHE,2021,0
CHE,2022,0
CHE,2023,0
CHE,2024,0
GHA,1995,0
GHA,1996,0
GHA,1997,0
GHA,1998,0
GHA,1999,0
GHA,2000,0
GHA,2001,0
GHA,2002,0
GHA,2003,0
GHA,2004,0
GHA,2005,0
GHA,2006,0
GHA,2007,0
GHA,2008,0
GHA,2009,0
GHA,2010,0
GHA,2011,0
GHA,2012,0
GHA,2013,0
GHA,2014,0
GHA,2015,0
GHA,2016,0
GHA,2017,0
GHA,2018,0
GHA,2019,0
GHA,2020,0
GHA,2021,0
GHA,2022,0
GHA,2023,0
GHA,2024,0
ZAF,1995,0
ZAF,1996,0
ZAF,1997,0
ZAF,1998,0
ZAF,1999,0
ZAF,2000,0
ZAF,2001,0
ZAF,2002,0
ZAF,2003,0
ZAF,2004,0
ZAF,2005,0
ZAF,2006,0
ZAF,2007,0
ZAF,2008,0
ZAF,2009,0
ZAF,2010,0
ZAF,2011,0
ZAF,2012,0
ZAF,2013,0
ZAF,2014,0
ZAF,2015,0
ZAF,2016,0
ZAF,2017,0
ZAF,2018,0
ZAF,2019,0
ZAF,2020,0
ZAF,2021,0
ZAF,2022,0
ZAF,2023,0
ZAF,2024,0
JPN,1995,0
JPN,1996,0
JPN,1997,0
JPN,1998,0
JPN,1999,0
JPN,2000,0
JPN,2001,0
JPN,2002,0
JPN,2003,0
JPN,2004,0
JPN,2005,0
JPN,2006,0
JPN,2007,0
JPN,2008,0
JPN,2009,0
JPN,2010,0
JPN,2011,0
JPN,2012,0
JPN,2013,0
JPN,2014,0
JPN,2015,0
JPN,2016,0
JPN,2017,0
JPN,2018,0
JPN,2019,0
JPN,2020,0
JPN,2021,0
JPN,2022,0
JPN,2023,0
JPN,2024,0
MMR,1995,0
MMR,1996,0
MMR,1997,0
MMR,1998,0
MMR,1999,0
MMR,2000,0
MMR,2001,0
MMR,2002,0
MMR,2003,0
MMR,2004,0
MMR,2005,0
MMR,2006,0
MMR,2007,0
MMR,2008,0
MMR,2009,0
MMR,2010,0
MMR,2011,0
MMR,2012,0
MMR,2013,0
MMR,2014,0
MMR,2015,0
MMR,2016,0
MMR,2017,0
MMR,2018,0
MMR,2019,0
MMR,2020,0
MMR,2021,1
MMR,2022,0
MMR,2023,0
MMR,2024,0
RUS,1995,0
RUS,1996,0
RUS,1997,0
RUS,1998,0
RUS,1999,0
RUS,2000,0
RUS,2001,0
RUS,2002,0
RUS,2003,0
RUS,2004,0
RUS,2005,0
RUS,2006,0
RUS,2007,0
RUS,2008,0
RUS,2009,0
RUS,2010,0
RUS,2011,0
RUS,2012,0
RUS,2013,0
RUS,2014,0
RUS,2015,0
RUS,2016,0
RUS,2017,0
RUS,2018,0
RUS,2019,0
RUS,2020,0
RUS,2021,0
RUS,2022,0
RUS,2023,0
RUS,2024,0
ALB,1995,0
ALB,1996,0
ALB,1997,0
ALB,1998,0
ALB,1999,0
ALB,2000,0
ALB,2001,0
ALB,2002,0
ALB,2003,0
ALB,2004,0
ALB,2005,0
ALB,2006,0
ALB,2007,0
ALB,2008,0
ALB,2009,0
ALB,2010,0
ALB,2011,0
ALB,2012,0
ALB,2013,0
ALB,2014,0
ALB,2015,0
ALB,2016,0
ALB,2017,0
ALB,2018,0
ALB,2019,0
ALB,2020,0
ALB,2021,0
ALB,2022,0
ALB,2023,0
ALB,2024,0
EGY,1995,0
EGY,1996,0
EGY,1997,0
EGY,1998,0
EGY,1999,0
EGY,2000,0
EGY,2001,0
EGY,2002,0
EGY,2003,0
EGY,2004,0
EGY,2005,0
EGY,2006,0
EGY,2007,0
EGY,2008,0
EGY,2009,0
EGY,2010,0
EGY,2011,1
EGY,2012,0
EGY,2013,1
EGY,2014,0
EGY,2015,0
EGY,2016,0
EGY,2017,0
EGY,2018,0
EGY,2019,0
EGY,2020,0
EGY,2021,0
EGY,2022,0
EGY,2023,0
EGY,2024,0
YEM,1995,0
YEM,1996,0
YEM,1997,0
YEM,1998,0
YEM,1999,0
YEM,2000,0
YEM,2001,0
YEM,2002,0
YEM,2003,0
YEM,2004,0
YEM,2005,0
YEM,2006,0
YEM,2007,0
YEM,2008,0
YEM,2009,0
YEM,2010,0
YEM,2011,0
YEM,2012,0
YEM,2013,0
YEM,2014,0
YEM,2015,0
YEM,2016,0
YEM,2017,0
YEM,2018,0
YEM,2019,0
YEM,2020,0
YEM,2021,0
YEM,2022,0
YEM,2023,0
YEM,2024,0
COL,1995,0
COL,1996,0
COL,1997,0
COL,1998,0
COL,1999,0
COL,2000,0
COL,2001,0
COL,2002,0
COL,2003,0
COL,2004,0
COL,2005,0
COL,2006,0
COL,2007,0
COL,2008,0
COL,2009,0
COL,2010,0
COL,2011,0
COL,2012,0
COL,2013,0
COL,2014,0
COL,2015,0
COL,2016,0
COL,2017,0
COL,2018,0
COL,2019,0
COL,2020,0
COL,2021,0
COL,2022,0
COL,2023,0
COL,2024,0
POL,1995,0
POL,1996,0
POL,1997,0
POL,1998,0
POL,1999,0
POL,2000,0
POL,2001,0
POL,2002,0
POL,2003,0
POL,2004,0
POL,2005,0
POL,2006,0
POL,2007,0
POL,2008,0
POL,2009,0
POL,2010,0
POL,2011,0
POL,2012,0
POL,2013,0
POL,2014,0
POL,2015,0
POL,2016,0
POL,2017,0
POL,2018,0
POL,2019,0
POL,2020,0
POL,2021,0
POL,2022,0
POL,2023,0
POL,2024,0
BRA,1995,0
BRA,1996,0
BRA,1997,0
BRA,1998,0
BRA,1999,0
BRA,2000,0
BRA,2001,0
BRA,2002,0
BRA,2003,0
BRA,2004,0
BRA,2005,0
BRA,2006,0
BRA,2007,0
BRA,2008,0
BRA,2009,0
BRA,2010,0
BRA,2011,0
BRA,2012,0
BRA,2013,0
BRA,2014,0
BRA,2015,0
BRA,2016,0
BRA,2017,0
BRA,2018,0
BRA,2019,0
BRA,2020,0
BRA,2021,0
BRA,2022,0
BRA,2023,0
BRA,2024,0
USA,1995,0
USA,1996,0
USA,1997,0
USA,1998,0
USA,1999,0
USA,2000,0
USA,2001,0
USA,2002,0
USA,2003,0
USA,2004,0
USA,2005,0
USA,2006,0
USA,2007,0
USA,2008,0
USA,2009,0
USA,2010,0
USA,2011,0
USA,2012,0
USA,2013,0
USA,2014,0
USA,2015,0
USA,2016,0
USA,2017,0
USA,2018,0
USA,2019,0
USA,2020,0
USA,2021,0
USA,2022,0
USA,2023,0
USA,2024,0
PRT,1995,0
PRT,1996,0
PRT,1997,0
PRT,1998,0
PRT,1999,0
PRT,2000,0
PRT,2001,0
PRT,2002,0
PRT,2003,0
PRT,2004,0
PRT,2005,0
PRT,2006,0
PRT,2007,0
PRT,2008,0
PRT,2009,0
PRT,2010,0
PRT,2011,0
PRT,2012,0
PRT,2013,0
PRT,2014,0
PRT,2015,0
PRT,2016,0
PRT,2017,0
PRT,2018,0
PRT,2019,0
PRT,2020,0
PRT,2021,0
PRT,2022,0
PRT,2023,0
PRT,2024,0
SLV,1995,0
SLV,1996,0
SLV,1997,0
SLV,1998,0
SLV,1999,0
SLV,2000,0
SLV,2001,0
SLV,2002,0
SLV,2003,0
SLV,2004,0
SLV,2005,0
SLV,2006,0
SLV,2007,0
SLV,2008,0
SLV,2009,0
SLV,2010,0
SLV,2011,0
SLV,2012,0
SLV,2013,0
SLV,2014,0
SLV,2015,0
SLV,2016,0
SLV,2017,0
SLV,2018,0
SLV,2019,0
SLV,2020,0
SLV,2021,0
SLV,2022,0
SLV,2023,0
SLV,2024,0
BGD,1995,0
BGD,1996,1
BGD,1997,0
BGD,1998,0
BGD,1999,0
BGD,2000,0
BGD,2001,0
BGD,2002,0
BGD,2003,0
BGD,2004,0
BGD,2005,0
BGD,2006,0
BGD,2007,0
BGD,2008,0
BGD,2009,0
BGD,2010,0
BGD,2011,0
BGD,2012,0
BGD,2013,0
BGD,2014,0
BGD,2015,0
BGD,2016,0
BGD,2017,0
BGD,2018,0
BGD,2019,0
BGD,2020,0
BGD,2021,0
BGD,2022,0
BGD,2023,0
BGD,2024,0
BOL,1995,0
BOL,1996,0
BOL,1997,0
BOL,1998,0
BOL,1999,0
BOL,2000,0
BOL,2001,0
BOL,2002,0
BOL,2003,0
BOL,2004,0
BOL,2005,0
BOL,2006,0
BOL,2007,0
BOL,2008,0
BOL,2009,0
BOL,2010,0
BOL,2011,0
BOL,2012,0
BOL,2013,0
BOL,2014,0
BOL,2015,0
BOL,2016,0
BOL,2017,0
BOL,2018,0
BOL,2019,0
BOL,2020,0
BOL,2021,0
BOL,2022,0
BOL,2023,0
BOL,2024,0
HTI,1995,0
HTI,1996,0
HTI,1997,0
HTI,1998,0
HTI,1999,0
HTI,2000,0
HTI,2001,0
HTI,2002,0
HTI,2003,0
HTI,2004,0
HTI,2005,0
HTI,2006,0
HTI,2007,0
HTI,2008,0
HTI,2009,0
HTI,2010,0
HTI,2011,0
HTI,2012,0
HTI,2013,0
HTI,2014,0
HTI,2015,0
HTI,2016,0
HTI,2017,0
HTI,2018,0
HTI,2019,0
HTI,2020,0
HTI,2021,0
HTI,2022,0
HTI,2023,0
HTI,2024,0
HND,1995,0
HND,1996,0
HND,1997,0
HND,1998,0
HND,1999,1
HND,2000,0
HND,2001,0
HND,2002,0
HND,2003,0
HND,2004,0
HND,2005,0
HND,2006,0
HND,2007,0
HND,2008,0
HND,2009,1
HND,2010,0
HND,2011,0
HND,2012,0
HND,2013,0
HND,2014,0
HND,2015,0
HND,2016,0
HND,2017,0
HND,2018,0
HND,2019,0
HND,2020,0
HND,2021,0
HND,2022,0
HND,2023,0
HND,2024,0
MLI,1995,0
MLI,1996,0
MLI,1997,0
MLI,1998,0
MLI,1999,0
MLI,2000,0
MLI,2001,0
MLI,2002,0
MLI,2003,0
MLI,2004,0
MLI,2005,0
MLI,2006,0
MLI,2007,0
MLI,2008,0
MLI,2009,0
MLI,2010,0
MLI,2011,0
MLI,2012,1
MLI,2013,0
MLI,2014,0
MLI,2015,0
MLI,2016,0
MLI,2017,0
MLI,2018,0
MLI,2019,0
MLI,2020,1
MLI,2021,1
MLI,2022,0
MLI,2023,0
MLI,2024,0
PAK,1995,0
PAK,1996,0
PAK,1997,0
PAK,1998,0
PAK,1999,1
PAK,2000,0
PAK,2001,0
PAK,2002,0
PAK,2003,0
PAK,2004,0
PAK,2005,0
PAK,2006,0
PAK,2007,0
PAK,2008,0
PAK,2009,0
PAK,2010,0
PAK,2011,0
PAK,2012,0
PAK,2013,0
PAK,2014,0
PAK,2015,0
PAK,2016,0
PAK,2017,0
PAK,2018,0
PAK,2019,0
PAK,2020,0
PAK,2021,0
PAK,2022,0
PAK,2023,0
PAK,2024,0
PER,1995,0
PER,1996,0
PER,1997,0
PER,1998,0
PER,1999,0
PER,2000,1
PER,2001,0
PER,2002,0
PER,2003,0
PER,2004,0
PER,2005,0
PER,2006,0
PER,2007,0
PER,2008,0
PER,2009,0
PER,2010,0
PER,2011,0
PER,2012,0
PER,2013,0
PER,2014,0
PER,2015,0
PER,2016,0
PER,2017,0
PER,2018,0
PER,2019,0
PER,2020,0
PER,2021,0
PER,2022,0
PER,2023,0
PER,2024,0
SEN,1995,0
SEN,1996,0
SEN,1997,0
SEN,1998,0
SEN,1999,0
SEN,2000,0
SEN,2001,0
SEN,2002,0
SEN,2003,0
SEN,2004,0
SEN,2005,0
SEN,2006,0
SEN,2007,0
SEN,2008,0
SEN,2009,0
SEN,2010,0
SEN,2011,0
SEN,2012,0
SEN,2013,0
SEN,2014,0
SEN,2015,0
SEN,2016,0
SEN,2017,0
SEN,2018,0
SEN,2019,0
SEN,2020,0
SEN,2021,0
SEN,2022,0
SEN,2023,0
SEN,2024,0
SSD,2011,0
SSD,2012,0
SSD,2013,0
SSD,2014,0
SSD,2015,0
SSD,2016,0
SSD,2017,0
SSD,2018,0
SSD,2019,0
SSD,2020,0
SSD,2021,0
SSD,2022,0
SSD,2023,0
SSD,2024,0
SDN,1995,0
SDN,1996,0
SDN,1997,0
SDN,1998,0
SDN,1999,0
SDN,2000,0
SDN,2001,0
SDN,2002,0
SDN,2003,0
SDN,2004,0
SDN,2005,0
SDN,2006,0
SDN,2007,0
SDN,2008,0
SDN,2009,0
SDN,2010,0
SDN,2011,0
SDN,2012,1
SDN,2013,0
SDN,2014,0
SDN,2015,0
SDN,2016,0
SDN,2017,0
SDN,2018,0
SDN,2019,1
SDN,2020,0
SDN,2021,1
SDN,2022,0
SDN,2023,1
SDN,2024,0
VNM,1995,0
VNM,1996,0
VNM,1997,0
VNM,1998,0
VNM,1999,0
VNM,2000,0
VNM,2001,0
VNM,2002,0
VNM,2003,0
VNM,2004,0
VNM,2005,0
VNM,2006,0
VNM,2007,0
VNM,2008,0
VNM,2009,0
VNM,2010,0
VNM,2011,0
VNM,2012,0
VNM,2013,0
VNM,2014,0
VNM,2015,0
VNM,2016,0
VNM,2017,0
VNM,2018,0
VNM,2019,0
VNM,2020,0
VNM,2021,0
VNM,2022,0
VNM,2023,0
VNM,2024,0
AFG,1995,0
AFG,1996,0
AFG,1997,0
AFG,1998,0
AFG,1999,0
AFG,2000,0
AFG,2001,0
AFG,2002,0
AFG,2003,0
AFG,2004,0
AFG,2005,0
AFG,2006,0
AFG,2007,0
AFG,2008,0
AFG,2009,0
AFG,2010,0
AFG,2011,0
AFG,2012,0
AFG,2013,0
AFG,2014,0
AFG,2015,0
AFG,2016,0
AFG,2017,0
AFG,2018,0
AFG,2019,0
AFG,2020,0
AFG,2021,0
AFG,2022,0
AFG,2023,0
AFG,2024,0
ARG,1995,0
ARG,1996,0
ARG,1997,0
ARG,1998,0
ARG,1999,0
ARG,2000,0
ARG,2001,0
ARG,2002,0
ARG,2003,0
ARG,2004,0
ARG,2005,0
ARG,2006,0
ARG,2007,0
ARG,2008,0
ARG,2009,0
ARG,2010,0
ARG,2011,0
ARG,2012,0
ARG,2013,0
ARG,2014,0
ARG,2015,0
ARG,2016,0
ARG,2017,0
ARG,2018,0
ARG,2019,0
ARG,2020,0
ARG,2021,0
ARG,2022,0
ARG,2023,0
ARG,2024,0
ETH,1995,0
ETH,1996,0
ETH,1997,0
ETH,1998,0
ETH,1999,0
ETH,2000,0
ETH,2001,0
ETH,2002,0
ETH,2003,0
ETH,2004,0
ETH,2005,0
ETH,2006,0
ETH,2007,0
ETH,2008,0
ETH,2009,0
ETH,2010,0
ETH,2011,0
ETH,2012,0
ETH,2013,0
ETH,2014,0
ETH,2015,0
ETH,2016,0
ETH,2017,0
ETH,2018,0
ETH,2019,0
ETH,2020,0
ETH,2021,0
ETH,2022,0
ETH,2023,0
ETH,2024,0
IND,1995,0
IND,1996,0
IND,1997,0
IND,1998,0
IND,1999,0
IND,2000,0
IND,2001,0
IND,2002,0
IND,2003,0
IND,2004,0
IND,2005,0
IND,2006,0
IND,2007,0
IND,2008,0
IND,2009,0
IND,2010,0
IND,2011,0
IND,2012,0
IND,2013,0
IND,2014,0
IND,2015,0
IND,2016,0
IND,2017,0
IND,2018,0
IND,2019,0
IND,2020,0
IND,2021,0
IND,2022,0
IND,2023,0
IND,2024,0
KEN,1995,0
KEN,1996,0
KEN,1997,0
KEN,1998,0
KEN,1999,0
KEN,2000,0
KEN,2001,0
KEN,2002,0
KEN,2003,0
KEN,2004,0
KEN,2005,0
KEN,2006,0
KEN,2007,0
KEN,2008,0
KEN,2009,0
KEN,2010,0
KEN,2011,0
KEN,2012,0
KEN,2013,0
KEN,2014,0
KEN,2015,0
KEN,2016,0
KEN,2017,0
KEN,2018,0
KEN,2019,0
KEN,2020,0
KEN,2021,0
KEN,2022,0
KEN,2023,0
KEN,2024,0
PRK,1995,0
PRK,1996,0
PRK,1997,0
PRK,1998,0
PRK,1999,0
PRK,2000,0
PRK,2001,0
PRK,2002,0
PRK,2003,0
PRK,2004,0
PRK,2005,0
PRK,2006,0
PRK,2007,0
PRK,2008,0
PRK,2009,0
PRK,2010,0
PRK,2011,0
PRK,2012,0
PRK,2013,0
PRK,2014,0
PRK,2015,0
PRK,2016,0
PRK,2017,0
PRK,2018,0
PRK,2019,0
PRK,2020,0
PRK,2021,0
PRK,2022,0
PRK,2023,0
PRK,2024,0
KOR,1995,0
KOR,1996,0
KOR,1997,0
KOR,1998,0
KOR,1999,0
KOR,2000,0
KOR,2001,0
KOR,2002,0
KOR,2003,0
KOR,2004,0
KOR,2005,0
KOR,2006,0
KOR,2007,0
KOR,2008,0
KOR,2009,0
KOR,2010,0
KOR,2011,0
KOR,2012,0
KOR,2013,0
KOR,2014,0
KOR,2015,0
KOR,2016,0
KOR,2017,0
KOR,2018,0
KOR,2019,0
KOR,2020,0
KOR,2021,0
KOR,2022,0
KOR,2023,0
KOR,2024,0
XKX,1999,0
XKX,2000,0
XKX,2001,0
XKX,2002,0
XKX,2003,0
XKX,2004,0
XKX,2005,0
XKX,2006,0
XKX,2007,0
XKX,2008,0
XKX,2009,0
XKX,2010,0
XKX,2011,0
XKX,2012,0
XKX,2013,0
XKX,2014,0
XKX,2015,0
XKX,2016,0
XKX,2017,0
XKX,2018,0
XKX,2019,0
XKX,2020,0
XKX,2021,0
XKX,2022,0
XKX,2023,0
XKX,2024,0
LBN,1995,0
LBN,1996,0
LBN,1997,0
LBN,1998,0
LBN,1999,0
LBN,2000,0
LBN,2001,0
LBN,2002,0
LBN,2003,0
LBN,2004,0
LBN,2005,0
LBN,2006,0
LBN,2007,0
LBN,2008,0
LBN,2009,0
LBN,2010,0
LBN,2011,0
LBN,2012,0
LBN,2013,0
LBN,2014,0
LBN,2015,0
LBN,2016,0
LBN,2017,0
LBN,2018,0
LBN,2019,0
LBN,2020,0
LBN,2021,0
LBN,2022,0
LBN,2023,0
LBN,2024,0
NGA,1995,0
NGA,1996,0
NGA,1997,0
NGA,1998,0
NGA,1999,0
NGA,2000,0
NGA,2001,0
NGA,2002,0
NGA,2003,0
NGA,2004,0
NGA,2005,0
NGA,2006,0
NGA,2007,0
NGA,2008,0
NGA,2009,0
NGA,2010,0
NGA,2011,0
NGA,2012,0
NGA,2013,0
NGA,2014,0
NGA,2015,0
NGA,2016,0
NGA,2017,0
NGA,2018,0
NGA,2019,0
NGA,2020,0
NGA,2021,0
NGA,2022,0
NGA,2023,0
NGA,2024,0
PHL,1995,0
PHL,1996,0
PHL,1997,0
PHL,1998,0
PHL,1999,0
PHL,2000,0
PHL,2001,0
PHL,2002,0
PHL,2003,0
PHL,2004,0
PHL,2005,0
PHL,2006,0
PHL,2007,0
PHL,2008,0
PHL,2009,0
PHL,2010,0
PHL,2011,0
PHL,2012,0
PHL,2013,0
PHL,2014,0
PHL,2015,0
PHL,2016,0
PHL,2017,0
PHL,2018,0
PHL,2019,0
PHL,2020,0
PHL,2021,0
PHL,2022,0
PHL,2023,0
PHL,2024,0
TZA,1995,0
TZA,1996,0
TZA,1997,0
TZA,1998,0
TZA,1999,0
TZA,2000,0
TZA,2001,0
TZA,2002,0
TZA,2003,0
TZA,2004,0
TZA,2005,0
TZA,2006,0
TZA,2007,0
TZA,2008,0
TZA,2009,0
TZA,2010,0
TZA,2011,0
TZA,2012,0
TZA,2013,0
TZA,2014,0
TZA,2015,0
TZA,2016,0
TZA,2017,0
TZA,2018,0
TZA,2019,0
TZA,2020,0
TZA,2021,0
TZA,2022,0
TZA,2023,0
TZA,2024,0
TWN,1995,0
TWN,1996,0
TWN,1997,0
TWN,1998,0
TWN,1999,0
TWN,2000,0
TWN,2001,0
TWN,2002,0
TWN,2003,0
TWN,2004,0
TWN,2005,0
TWN,2006,0
TWN,2007,0
TWN,2008,0
TWN,2009,0
TWN,2010,0
TWN,2011,0
TWN,2012,0
TWN,2013,0
TWN,2014,0
TWN,2015,0
TWN,2016,0
TWN,2017,0
TWN,2018,0
TWN,2019,0
TWN,2020,0
TWN,2021,0
TWN,2022,0
TWN,2023,0
TWN,2024,0
THA,1995,0
THA,1996,0
THA,1997,0
THA,1998,0
THA,1999,0
THA,2000,0
THA,2001,0
THA,2002,0
THA,2003,0
THA,2004,0
THA,2005,0
THA,2006,1
THA,2007,0
THA,2008,0
THA,2009,0
THA,2010,0
THA,2011,0
THA,2012,0
THA,2013,0
THA,2014,1
THA,2015,0
THA,2016,0
THA,2017,0
THA,2018,0
THA,2019,0
THA,2020,0
THA,2021,0
THA,2022,0
THA,2023,0
THA,2024,0
UGA,1995,0
UGA,1996,0
UGA,1997,0
UGA,1998,0
UGA,1999,0
UGA,2000,0
UGA,2001,0
UGA,2002,0
UGA,2003,0
UGA,2004,0
UGA,2005,0
UGA,2006,0
UGA,2007,0
UGA,2008,0
UGA,2009,0
UGA,2010,0
UGA,2011,0
UGA,2012,0
UGA,2013,0
UGA,2014,0
UGA,2015,0
UGA,2016,0
UGA,2017,0
UGA,2018,0
UGA,2019,0
UGA,2020,0
UGA,2021,0
UGA,2022,0
UGA,2023,0
UGA,2024,0
VEN,1995,0
VEN,1996,0
VEN,1997,0
VEN,1998,0
VEN,1999,0
VEN,2000,0
VEN,2001,0
VEN,2002,1
VEN,2003,0
VEN,2004,0
VEN,2005,0
VEN,2006,0
VEN,2007,0
VEN,2008,0
VEN,2009,0
VEN,2010,0
VEN,2011,0
VEN,2012,0
VEN,2013,0
VEN,2014,0
VEN,2015,0
VEN,2016,0
VEN,2017,0
VEN,2018,0
VEN,2019,0
VEN,2020,0
VEN,2021,0
VEN,2022,0
VEN,2023,0
VEN,2024,0
BEN,1995,0
BEN,1996,0
BEN,1997,0
BEN,1998,0
BEN,1999,0
BEN,2000,0
BEN,2001,0
BEN,2002,0
BEN,2003,0
BEN,2004,0
BEN,2005,0
BEN,2006,0
BEN,2007,0
BEN,2008,0
BEN,2009,0
BEN,2010,0
BEN,2011,0
BEN,2012,0
BEN,2013,0
BEN,2014,0
BEN,2015,0
BEN,2016,0
BEN,2017,0
BEN,2018,0
BEN,2019,0
BEN,2020,0
BEN,2021,0
BEN,2022,0
BEN,2023,0
BEN,2024,0
BTN,1995,0
BTN,1996,0
BTN,1997,0
BTN,1998,0
BTN,1999,0
BTN,2000,0
BTN,2001,0
BTN,2002,0
BTN,2003,0
BTN,2004,0
BTN,2005,0
BTN,2006,0
BTN,2007,0
BTN,2008,0
BTN,2009,0
BTN,2010,0
BTN,2011,0
BTN,2012,0
BTN,2013,0
BTN,2014,0
BTN,2015,0
BTN,2016,0
BTN,2017,0
BTN,2018,0
BTN,2019,0
BTN,2020,0
BTN,2021,0
BTN,2022,0
BTN,2023,0
BTN,2024,0
BFA,1995,0
BFA,1996,0
BFA,1997,0
BFA,1998,0
BFA,1999,0
BFA,2000,0
BFA,2001,0
BFA,2002,0
BFA,2003,0
BFA,2004,0
BFA,2005,0
BFA,2006,0
BFA,2007,0
BFA,2008,0
BFA,2009,0
BFA,2010,0
BFA,2011,0
BFA,2012,0
BFA,2013,0
BFA,2014,1
BFA,2015,1
BFA,2016,0
BFA,2017,0
BFA,2018,0
BFA,2019,0
BFA,2020,0
BFA,2021,0
BFA,2022,1
BFA,2023,0
BFA,2024,0
KHM,1995,0
KHM,1996,0
KHM,1997,1
KHM,1998,0
KHM,1999,0
KHM,2000,0
KHM,2001,0
KHM,2002,0
KHM,2003,0
KHM,2004,0
KHM,2005,0
KHM,2006,0
KHM,2007,0
KHM,2008,0
KHM,2009,0
KHM,2010,0
KHM,2011,0
KHM,2012,0
KHM,2013,0
KHM,2014,0
KHM,2015,0
KHM,2016,0
KHM,2017,0
KHM,2018,0
KHM,2019,0
KHM,2020,0
KHM,2021,0
KHM,2022,0
KHM,2023,0
KHM,2024,0
IDN,1995,0
IDN,1996,0
IDN,1997,0
IDN,1998,0
IDN,1999,0
IDN,2000,0
IDN,2001,0
IDN,2002,0
IDN,2003,0
IDN,2004,0
IDN,2005,0
IDN,2006,0
IDN,2007,0
IDN,2008,0
IDN,2009,0
IDN,2010,0
IDN,2011,0
IDN,2012,0
IDN,2013,0
IDN,2014,0
IDN,2015,0
IDN,2016,0
IDN,2017,0
IDN,2018,0
IDN,2019,0
IDN,2020,0
IDN,2021,0
IDN,2022,0
IDN,2023,0
IDN,2024,0
MOZ,1995,0
MOZ,1996,0
MOZ,1997,0
MOZ,1998,0
MOZ,1999,0
MOZ,2000,0
MOZ,2001,0
MOZ,2002,0
MOZ,2003,0
MOZ,2004,0
MOZ,2005,0
MOZ,2006,0
MOZ,2007,0
MOZ,2008,0
MOZ,2009,0
MOZ,2010,0
MOZ,2011,0
MOZ,2012,0
MOZ,2013,0
MOZ,2014,0
MOZ,2015,0
MOZ,2016,0
MOZ,2017,0
MOZ,2018,0
MOZ,2019,0
MOZ,2020,0
MOZ,2021,0
MOZ,2022,0
MOZ,2023,0
MOZ,2024,0
NPL,1995,0
NPL,1996,0
NPL,1997,0
NPL,1998,0
NPL,1999,0
NPL,2000,0
NPL,2001,0
NPL,2002,0
NPL,2003,0
NPL,2004,0
NPL,2005,0
NPL,2006,0
NPL,2007,0
NPL,2008,0
NPL,2009,0
NPL,2010,0
NPL,2011,0
NPL,2012,0
NPL,2013,0
NPL,2014,0
NPL,2015,0
NPL,2016,0
NPL,2017,0
NPL,2018,0
NPL,2019,0
NPL,2020,0
NPL,2021,0
NPL,2022,0
NPL,2023,0
NPL,2024,0
NIC,1995,0
NIC,1996,0
NIC,1997,0
NIC,1998,0
NIC,1999,0
NIC,2000,0
NIC,2001,0
NIC,2002,0
NIC,2003,0
NIC,2004,0
NIC,2005,0
NIC,2006,0
NIC,2007,0
NIC,2008,0
NIC,2009,0
NIC,2010,0
NIC,2011,0
NIC,2012,0
NIC,2013,0
NIC,2014,0
NIC,2015,0
NIC,2016,0
NIC,2017,0
NIC,2018,0
NIC,2019,0
NIC,2020,0
NIC,2021,0
NIC,2022,0
NIC,2023,0
NIC,2024,0
NER,1995,0
NER,1996,1
NER,1997,0
NER,1998,0
NER,1999,1
NER,2000,0
NER,2001,0
NER,2002,0
NER,2003,0
NER,2004,0
NER,2005,0
NER,2006,0
NER,2007,0
NER,2008,0
NER,2009,0
NER,2010,1
NER,2011,0
NER,2012,0
NER,2013,0
NER,2014,0
NER,2015,0
NER,2016,0
NER,2017,0
NER,2018,0
NER,2019,0
NER,2020,0
NER,2021,1
NER,2022,0
NER,2023,1
NER,2024,0
ZMB,1995,0
ZMB,1996,0
ZMB,1997,1
ZMB,1998,0
ZMB,1999,0
ZMB,2000,0
ZMB,2001,0
ZMB,2002,0
ZMB,2003,0
ZMB,2004,0
ZMB,2005,0
ZMB,2006,0
ZMB,2007,0
ZMB,2008,0
ZMB,2009,0
ZMB,2010,0
ZMB,2011,0
ZMB,2012,0
ZMB,2013,0
ZMB,2014,0
ZMB,2015,0
ZMB,2016,0
ZMB,2017,0
ZMB,2018,0
ZMB,2019,0
ZMB,2020,0
ZMB,2021,0
ZMB,2022,0
ZMB,2023,0
ZMB,2024,0
ZWE,1995,0
ZWE,1996,0
ZWE,1997,0
ZWE,1998,0
ZWE,1999,0
ZWE,2000,0
ZWE,2001,0
ZWE,2002,0
ZWE,2003,0
ZWE,2004,0
ZWE,2005,0
ZWE,2006,0
ZWE,2007,0
ZWE,2008,0
ZWE,2009,0
ZWE,2010,0
ZWE,2011,0
ZWE,2012,0
ZWE,2013,0
ZWE,2014,0
ZWE,2015,0
ZWE,2016,0
ZWE,2017,1
ZWE,2018,0
ZWE,2019,0
ZWE,2020,0
ZWE,2021,0
ZWE,2022,0
ZWE,2023,0
ZWE,2024,0
GIN,1995,0
GIN,1996,1
GIN,1997,0
GIN,1998,0
GIN,1999,0
GIN,2000,0
GIN,2001,0
GIN,2002,0
GIN,2003,0
GIN,2004,0
GIN,2005,0
GIN,2006,0
GIN,2007,0
GIN,2008,1
GIN,2009,0
GIN,2010,0
GIN,2011,1
GIN,2012,0
GIN,2013,0
GIN,2014,0
GIN,2015,0
GIN,2016,0
GIN,2017,0
GIN,2018,0
GIN,2019,0
GIN,2020,0
GIN,2021,1
GIN,2022,0
GIN,2023,0
GIN,2024,0
CIV,1995,0
CIV,1996,0
CIV,1997,0
CIV,1998,0
CIV,1999,1
CIV,2000,1
CIV,2001,1
CIV,2002,1
CIV,2003,0
CIV,2004,0
CIV,2005,0
CIV,2006,0
CIV,2007,0
CIV,2008,0
CIV,2009,0
CIV,2010,0
CIV,2011,0
CIV,2012,0
CIV,2013,0
CIV,2014,0
CIV,2015,0
CIV,2016,0
CIV,2017,0
CIV,2018,0
CIV,2019,0
CIV,2020,0
CIV,2021,0
CIV,2022,0
CIV,2023,0
CIV,2024,0
MRT,1995,0
MRT,1996,0
MRT,1997,0
MRT,1998,0
MRT,1999,0
MRT,2000,0
MRT,2001,0
MRT,2002,0
MRT,2003,1
MRT,2004,0
MRT,2005,1
MRT,2006,0
MRT,2007,0
MRT,2008,1
MRT,2009,0
MRT,2010,0
MRT,2011,0
MRT,2012,0
MRT,2013,0
MRT,2014,0
MRT,2015,0
MRT,2016,0
MRT,2017,0
MRT,2018,0
MRT,2019,0
MRT,2020,0
MRT,2021,0
MRT,2022,0
MRT,2023,0
MRT,2024,0
CAN,1995,0
CAN,1996,0
CAN,1997,0
CAN,1998,0
CAN,1999,0
CAN,2000,0
CAN,2001,0
CAN,2002,0
CAN,2003,0
CAN,2004,0
CAN,2005,0
CAN,2006,0
CAN,2007,0
CAN,2008,0
CAN,2009,0
CAN,2010,0
CAN,2011,0
CAN,2012,0
CAN,2013,0
CAN,2014,0
CAN,2015,0
CAN,2016,0
CAN,2017,0
CAN,2018,0
CAN,2019,0
CAN,2020,0
CAN,2021,0
CAN,2022,0
CAN,2023,0
CAN,2024,0
AUS,1995,0
AUS,1996,0
AUS,1997,0
AUS,1998,0
AUS,1999,0
AUS,2000,0
AUS,2001,0
AUS,2002,0
AUS,2003,0
AUS,2004,0
AUS,2005,0
AUS,2006,0
AUS,2007,0
AUS,2008,0
AUS,2009,0
AUS,2010,0
AUS,2011,0
AUS,2012,0
AUS,2013,0
AUS,2014,0
AUS,2015,0
AUS,2016,0
AUS,2017,0
AUS,2018,0
AUS,2019,0
AUS,2020,0
AUS,2021,0
AUS,2022,0
AUS,2023,0
AUS,2024,0
BWA,1995,0
BWA,1996,0
BWA,1997,0
BWA,1998,0
BWA,1999,0
BWA,2000,0
BWA,2001,0
BWA,2002,0
BWA,2003,0
BWA,2004,0
BWA,2005,0
BWA,2006,0
BWA,2007,0
BWA,2008,0
BWA,2009,0
BWA,2010,0
BWA,2011,0
BWA,2012,0
BWA,2013,0
BWA,2014,0
BWA,2015,0
BWA,2016,0
BWA,2017,0
BWA,2018,0
BWA,2019,0
BWA,2020,0
BWA,2021,0
BWA,2022,0
BWA,2023,0
BWA,2024,0
BDI,1995,0
BDI,1996,1
BDI,1997,0
BDI,1998,0
BDI,1999,0
BDI,2000,0
BDI,2001,1
BDI,2002,0
BDI,2003,0
BDI,2004,0
BDI,2005,0
BDI,2006,0
BDI,2007,0
BDI,2008,0
BDI,2009,0
BDI,2010,0
BDI,2011,0
BDI,2012,0
BDI,2013,0
BDI,2014,0
BDI,2015,1
BDI,2016,0
BDI,2017,0
BDI,2018,0
BDI,2019,0
BDI,2020,0
BDI,2021,0
BDI,2022,0
BDI,2023,0
BDI,2024,0
CPV,1995,0
CPV,1996,0
CPV,1997,0
CPV,1998,0
CPV,1999,0
CPV,2000,0
CPV,2001,0
CPV,2002,0
CPV,2003,0
CPV,2004,0
CPV,2005,0
CPV,2006,0
CPV,2007,0
CPV,2008,0
CPV,2009,0
CPV,2010,0
CPV,2011,0
CPV,2012,0
CPV,2013,0
CPV,2014,0
CPV,2015,0
CPV,2016,0
CPV,2017,0
CPV,2018,0
CPV,2019,0
CPV,2020,0
CPV,2021,0
CPV,2022,0
CPV,2023,0
CPV,2024,0
CAF,1995,0
CAF,1996,0
CAF,1997,0
CAF,1998,0
CAF,1999,0
CAF,2000,0
CAF,2001,1
CAF,2002,0
CAF,2003,1
CAF,2004,0
CAF,2005,0
CAF,2006,0
CAF,2007,0
CAF,2008,0
CAF,2009,0
CAF,2010,0
CAF,2011,0
CAF,2012,0
CAF,2013,0
CAF,2014,0
CAF,2015,0
CAF,2016,0
CAF,2017,0
CAF,2018,0
CAF,2019,0
CAF,2020,0
CAF,2021,0
CAF,2022,0
CAF,2023,0
CAF,2024,0
CHL,1995,0
CHL,1996,0
CHL,1997,0
CHL,1998,0
CHL,1999,0
CHL,2000,0
CHL,2001,0
CHL,2002,0
CHL,2003,0
CHL,2004,0
CHL,2005,0
CHL,2006,0
CHL,2007,0
CHL,2008,0
CHL,2009,0
CHL,2010,0
CHL,2011,0
CHL,2012,0
CHL,2013,0
CHL,2014,0
CHL,2015,0
CHL,2016,0
CHL,2017,0
CHL,2018,0
CHL,2019,0
CHL,2020,0
CHL,2021,0
CHL,2022,0
CHL,2023,0
CHL,2024,0
CRI,1995,0
CRI,1996,0
CRI,1997,0
CRI,1998,0
CRI,1999,0
CRI,2000,0
CRI,2001,0
CRI,2002,0
CRI,2003,0
CRI,2004,0
CRI,2005,0
CRI,2006,0
CRI,2007,0
CRI,2008,0
CRI,2009,0
CRI,2010,0
CRI,2011,0
CRI,2012,0
CRI,2013,0
CRI,2014,0
CRI,2015,0
CRI,2016,0
CRI,2017,0
CRI,2018,0
CRI,2019,0
CRI,2020,0
CRI,2021,0
CRI,2022,0
CRI,2023,0
CRI,2024,0
TLS,1995,0
TLS,1996,0
TLS,1997,0
TLS,1998,0
TLS,1999,0
TLS,2000,0
TLS,2001,0
TLS,2002,0
TLS,2003,0
TLS,2004,0
TLS,2005,0
TLS,2006,0
TLS,2007,0
TLS,2008,0
TLS,2009,0
TLS,2010,0
TLS,2011,0
TLS,2012,0
TLS,2013,0
TLS,2014,0
TLS,2015,0
TLS,2016,0
TLS,2017,0
TLS,2018,0
TLS,2019,0
TLS,2020,0
TLS,2021,0
TLS,2022,0
TLS,2023,0
TLS,2024,0
ECU,1995,0
ECU,1996,0
ECU,1997,0
ECU,1998,0
ECU,1999,0
ECU,2000,1
ECU,2001,0
ECU,2002,0
ECU,2003,0
ECU,2004,0
ECU,2005,0
ECU,2006,0
ECU,2007,0
ECU,2008,0
ECU,2009,0
ECU,2010,0
ECU,2011,0
ECU,2012,0
ECU,2013,0
ECU,2014,0
ECU,2015,0
ECU,2016,0
ECU,2017,0
ECU,2018,0
ECU,2019,0
ECU,2020,0
ECU,2021,0
ECU,2022,0
ECU,2023,0
ECU,2024,0
FRA,1995,0
FRA,1996,0
FRA,1997,0
FRA,1998,0
FRA,1999,0
FRA,2000,0
FRA,2001,0
FRA,2002,0
FRA,2003,0
FRA,2004,0
FRA,2005,0
FRA,2006,0
FRA,2007,0
FRA,2008,0
FRA,2009,0
FRA,2010,0
FRA,2011,0
FRA,2012,0
FRA,2013,0
FRA,2014,0
FRA,2015,0
FRA,2016,0
FRA,2017,0
FRA,2018,0
FRA,2019,0
FRA,2020,0
FRA,2021,0
FRA,2022,0
FRA,2023,0
FRA,2024,0
DEU,1995,0
DEU,1996,0
DEU,1997,0
DEU,1998,0
DEU,1999,0
DEU,2000,0
DEU,2001,0
DEU,2002,0
DEU,2003,0
DEU,2004,0
DEU,2005,0
DEU,2006,0
DEU,2007,0
DEU,2008,0
DEU,2009,0
DEU,2010,0
DEU,2011,0
DEU,2012,0
DEU,2013,0
DEU,2014,0
DEU,2015,0
DEU,2016,0
DEU,2017,0
DEU,2018,0
DEU,2019,0
DEU,2020,0
DEU,2021,0
DEU,2022,0
DEU,2023,0
DEU,2024,0
GTM,1995,0
GTM,1996,0
GTM,1997,0
GTM,1998,0
GTM,1999,0
GTM,2000,0
GTM,2001,0
GTM,2002,0
GTM,2003,0
GTM,2004,0
GTM,2005,0
GTM,2006,0
GTM,2007,0
GTM,2008,0
GTM,2009,0
GTM,2010,0
GTM,2011,0
GTM,2012,0
GTM,2013,0
GTM,2014,0
GTM,2015,0
GTM,2016,0
GTM,2017,0
GTM,2018,0
GTM,2019,0
GTM,2020,0
GTM,2021,0
GTM,2022,0
GTM,2023,0
GTM,2024,0
IRN,1995,0
IRN,1996,0
IRN,1997,0
IRN,1998,0
IRN,1999,0
IRN,2000,0
IRN,2001,0
IRN,2002,0
IRN,2003,0
IRN,2004,0
IRN,2005,0
IRN,2006,0
IRN,2007,0
IRN,2008,0
IRN,2009,0
IRN,2010,0
IRN,2011,0
IRN,2012,0
IRN,2013,0
IRN,2014,0
IRN,2015,0
IRN,2016,0
IRN,2017,0
IRN,2018,0
IRN,2019,0
IRN,2020,0
IRN,2021,0
IRN,2022,0
IRN,2023,0
IRN,2024,0
IRQ,1995,1
IRQ,1996,0
IRQ,1997,0
IRQ,1998,0
IRQ,1999,0
IRQ,2000,0
IRQ,2001,0
IRQ,2002,0
IRQ,2003,0
IRQ,2004,0
IRQ,2005,0
IRQ,2006,0
IRQ,2007,0
IRQ,2008,0
IRQ,2009,0
IRQ,2010,0
IRQ,2011,0
IRQ,2012,0
IRQ,2013,0
IRQ,2014,0
IRQ,2015,0
IRQ,2016,0
IRQ,2017,0
IRQ,2018,0
IRQ,2019,0
IRQ,2020,0
IRQ,2021,0
IRQ,2022,0
IRQ,2023,0
IRQ,2024,0
IRL,1995,0
IRL,1996,0
IRL,1997,0
IRL,1998,0
IRL,1999,0
IRL,2000,0
IRL,2001,0
IRL,2002,0
IRL,2003,0
IRL,2004,0
IRL,2005,0
IRL,2006,0
IRL,2007,0
IRL,2008,0
IRL,2009,0
IRL,2010,0
IRL,2011,0
IRL,2012,0
IRL,2013,0
IRL,2014,0
IRL,2015,0
IRL,2016,0
IRL,2017,0
IRL,2018,0
IRL,2019,0
IRL,2020,0
IRL,2021,0
IRL,2022,0
IRL,2023,0
IRL,2024,0
ITA,1995,0
ITA,1996,0
ITA,1997,0
ITA,1998,0
ITA,1999,0
ITA,2000,0
ITA,2001,0
ITA,2002,0
ITA,2003,0
ITA,2004,0
ITA,2005,0
ITA,2006,0
ITA,2007,0
ITA,2008,0
ITA,2009,0
ITA,2010,0
ITA,2011,0
ITA,2012,0
ITA,2013,0
ITA,2014,0
ITA,2015,0
ITA,2016,0
ITA,2017,0
ITA,2018,0
ITA,2019,0
ITA,2020,0
ITA,2021,0
ITA,2022,0
ITA,2023,0
ITA,2024,0
JOR,1995,0
JOR,1996,0
JOR,1997,0
JOR,1998,0
JOR,1999,0
JOR,2000,0
JOR,2001,0
JOR,2002,0
JOR,2003,0
JOR,2004,0
JOR,2005,0
JOR,2006,0
JOR,2007,0
JOR,2008,0
JOR,2009,0
JOR,2010,0
JOR,2011,0
JOR,2012,0
JOR,2013,0
JOR,2014,0
JOR,2015,0
JOR,2016,0
JOR,2017,0
JOR,2018,0
JOR,2019,0
JOR,2020,0
JOR,2021,0
JOR,2022,0
JOR,2023,0
JOR,2024,0
LVA,1995,0
LVA,1996,0
LVA,1997,0
LVA,1998,0
LVA,1999,0
LVA,2000,0
LVA,2001,0
LVA,2002,0
LVA,2003,0
LVA,2004,0
LVA,2005,0
LVA,2006,0
LVA,2007,0
LVA,2008,0
LVA,2009,0
LVA,2010,0
LVA,2011,0
LVA,2012,0
LVA,2013,0
LVA,2014,0
LVA,2015,0
LVA,2016,0
LVA,2017,0
LVA,2018,0
LVA,2019,0
LVA,2020,0
LVA,2021,0
LVA,2022,0
LVA,2023,0
LVA,2024,0
LSO,1995,0
LSO,1996,0
LSO,1997,0
LSO,1998,0
LSO,1999,0
LSO,2000,0
LSO,2001,0
LSO,2002,0
LSO,2003,0
LSO,2004,0
LSO,2005,0
LSO,2006,0
LSO,2007,0
LSO,2008,0
LSO,2009,0
LSO,2010,0
LSO,2011,0
LSO,2012,0
LSO,2013,0
LSO,2014,1
LSO,2015,0
LSO,2016,0
LSO,2017,0
LSO,2018,0
LSO,2019,0
LSO,2020,0
LSO,2021,0
LSO,2022,0
LSO,2023,0
LSO,2024,0
LBR,1995,0
LBR,1996,0
LBR,1997,0
LBR,1998,0
LBR,1999,0
LBR,2000,0
LBR,2001,0
LBR,2002,0
LBR,2003,0
LBR,2004,0
LBR,2005,0
LBR,2006,0
LBR,2007,0
LBR,2008,0
LBR,2009,0
LBR,2010,0
LBR,2011,0
LBR,2012,0
LBR,2013,0
LBR,2014,0
LBR,2015,0
LBR,2016,0
LBR,2017,0
LBR,2018,0
LBR,2019,0
LBR,2020,0
LBR,2021,0
LBR,2022,0
LBR,2023,0
LBR,2024,0
MWI,1995,0
MWI,1996,0
MWI,1997,0
MWI,1998,0
MWI,1999,0
MWI,2000,0
MWI,2001,0
MWI,2002,0
MWI,2003,0
MWI,2004,0
MWI,2005,0
MWI,2006,0
MWI,2007,0
MWI,2008,0
MWI,2009,0
MWI,2010,0
MWI,2011,0
MWI,2012,0
MWI,2013,0
MWI,2014,0
MWI,2015,0
MWI,2016,0
MWI,2017,0
MWI,2018,0
MWI,2019,0
MWI,2020,0
MWI,2021,0
MWI,2022,0
MWI,2023,0
MWI,2024,0
MDV,1995,0
MDV,1996,0
MDV,1997,0
MDV,1998,0
MDV,1999,0
MDV,2000,0
MDV,2001,0
MDV,2002,0
MDV,2003,0
MDV,2004,0
MDV,2005,0
MDV,2006,0
MDV,2007,0
MDV,2008,0
MDV,2009,0
MDV,2010,0
MDV,2011,0
MDV,2012,1
MDV,2013,0
MDV,2014,0
MDV,2015,0
MDV,2016,0
MDV,2017,0
MDV,2018,0
MDV,2019,0
MDV,2020,0
MDV,2021,0
MDV,2022,0
MDV,2023,0
MDV,2024,0
MNG,1995,0
MNG,1996,0
MNG,1997,0
MNG,1998,0
MNG,1999,0
MNG,2000,0
MNG,2001,0
MNG,2002,0
MNG,2003,0
MNG,2004,0
MNG,2005,0
MNG,2006,0
MNG,2007,0
MNG,2008,0
MNG,2009,0
MNG,2010,0
MNG,2011,0
MNG,2012,0
MNG,2013,0
MNG,2014,0
MNG,2015,0
MNG,2016,0
MNG,2017,0
MNG,2018,0
MNG,2019,0
MNG,2020,0
MNG,2021,0
MNG,2022,0
MNG,2023,0
MNG,2024,0
MAR,1995,0
MAR,1996,0
MAR,1997,0
MAR,1998,0
MAR,1999,0
MAR,2000,0
MAR,2001,0
MAR,2002,0
MAR,2003,0
MAR,2004,0
MAR,2005,0
MAR,2006,0
MAR,2007,0
MAR,2008,0
MAR,2009,0
MAR,2010,0
MAR,2011,0
MAR,2012,0
MAR,2013,0
MAR,2014,0
MAR,2015,0
MAR,2016,0
MAR,2017,0
MAR,2018,0
MAR,2019,0
MAR,2020,0
MAR,2021,0
MAR,2022,0
MAR,2023,0
MAR,2024,0
NLD,1995,0
NLD,1996,0
NLD,1997,0
NLD,1998,0
NLD,1999,0
NLD,2000,0
NLD,2001,0
NLD,2002,0
NLD,2003,0
NLD,2004,0
NLD,2005,0
NLD,2006,0
NLD,2007,0
NLD,2008,0
NLD,2009,0
NLD,2010,0
NLD,2011,0
NLD,2012,0
NLD,2013,0
NLD,2014,0
NLD,2015,0
NLD,2016,0
NLD,2017,0
NLD,2018,0
NLD,2019,0
NLD,2020,0
NLD,2021,0
NLD,2022,0
NLD,2023,0
NLD,2024,0
PAN,1995,0
PAN,1996,0
PAN,1997,0
PAN,1998,0
PAN,1999,0
PAN,2000,0
PAN,2001,0
PAN,2002,0
PAN,2003,0
PAN,2004,0
PAN,2005,0
PAN,2006,0
PAN,2007,0
PAN,2008,0
PAN,2009,0
PAN,2010,0
PAN,2011,0
PAN,2012,0
PAN,2013,0
PAN,2014,0
PAN,2015,0
PAN,2016,0
PAN,2017,0
PAN,2018,0
PAN,2019,0
PAN,2020,0
PAN,2021,0
PAN,2022,0
PAN,2023,0
PAN,2024,0
PNG,1995,0
PNG,1996,0
PNG,1997,0
PNG,1998,0
PNG,1999,0
PNG,2000,0
PNG,2001,0
PNG,2002,0
PNG,2003,0
PNG,2004,0
PNG,2005,0
PNG,2006,0
PNG,2007,0
PNG,2008,0
PNG,2009,0
PNG,2010,0
PNG,2011,0
PNG,2012,1
PNG,2013,0
PNG,2014,0
PNG,2015,0
PNG,2016,0
PNG,2017,0
PNG,2018,0
PNG,2019,0
PNG,2020,0
PNG,2021,0
PNG,2022,0
PNG,2023,0
PNG,2024,0
QAT,1995,1
QAT,1996,1
QAT,1997,0
QAT,1998,0
QAT,1999,0
QAT,2000,0
QAT,2001,0
QAT,2002,0
QAT,2003,0
QAT,2004,0
QAT,2005,0
QAT,2006,0
QAT,2007,0
QAT,2008,0
QAT,2009,0
QAT,2010,0
QAT,2011,0
QAT,2012,0
QAT,2013,0
QAT,2014,0
QAT,2015,0
QAT,2016,0
QAT,2017,0
QAT,2018,0
QAT,2019,0
QAT,2020,0
QAT,2021,0
QAT,2022,0
QAT,2023,0
QAT,2024,0
SLE,1995,1
SLE,1996,1
SLE,1997,1
SLE,1998,0
SLE,1999,0
SLE,2000,0
SLE,2001,0
SLE,2002,0
SLE,2003,0
SLE,2004,0
SLE,2005,0
SLE,2006,0
SLE,2007,0
SLE,2008,0
SLE,2009,0
SLE,2010,0
SLE,2011,0
SLE,2012,0
SLE,2013,0
SLE,2014,0
SLE,2015,0
SLE,2016,0
SLE,2017,0
SLE,2018,0
SLE,2019,0
SLE,2020,0
SLE,2021,0
SLE,2022,0
SLE,2023,0
SLE,2024,0
ESP,1995,0
ESP,1996,0
ESP,1997,0
ESP,1998,0
ESP,1999,0
ESP,2000,0
ESP,2001,0
ESP,2002,0
ESP,2003,0
ESP,2004,0
ESP,2005,0
ESP,2006,0
ESP,2007,0
ESP,2008,0
ESP,2009,0
ESP,2010,0
ESP,2011,0
ESP,2012,0
ESP,2013,0
ESP,2014,0
ESP,2015,0
ESP,2016,0
ESP,2017,0
ESP,2018,0
ESP,2019,0
ESP,2020,0
ESP,2021,0
ESP,2022,0
ESP,2023,0
ESP,2024,0
SYR,1995,0
SYR,1996,0
SYR,1997,0
SYR,1998,0
SYR,1999,0
SYR,2000,0
SYR,2001,0
SYR,2002,0
SYR,2003,0
SYR,2004,0
SYR,2005,0
SYR,2006,0
SYR,2007,0
SYR,2008,0
SYR,2009,0
SYR,2010,0
SYR,2011,0
SYR,2012,0
SYR,2013,0
SYR,2014,0
SYR,2015,0
SYR,2016,0
SYR,2017,0
SYR,2018,0
SYR,2019,0
SYR,2020,0
SYR,2021,0
SYR,2022,0
SYR,2023,0
SYR,2024,0
TUN,1995,0
TUN,1996,0
TUN,1997,0
TUN,1998,0
TUN,1999,0
TUN,2000,0
TUN,2001,0
TUN,2002,0
TUN,2003,0
TUN,2004,0
TUN,2005,0
TUN,2006,0
TUN,2007,0
TUN,2008,0
TUN,2009,0
TUN,2010,0
TUN,2011,0
TUN,2012,0
TUN,2013,0
TUN,2014,0
TUN,2015,0
TUN,2016,0
TUN,2017,0
TUN,2018,0
TUN,2019,0
TUN,2020,0
TUN,2021,0
TUN,2022,0
TUN,2023,0
TUN,2024,0
TUR,1995,0
TUR,1996,0
TUR,1997,0
TUR,1998,0
TUR,1999,0
TUR,2000,0
TUR,2001,0
TUR,2002,0
TUR,2003,0
TUR,2004,0
TUR,2005,0
TUR,2006,0
TUR,2007,0
TUR,2008,0
TUR,2009,0
TUR,2010,0
TUR,2011,0
TUR,2012,0
TUR,2013,0
TUR,2014,0
TUR,2015,0
TUR,2016,1
TUR,2017,0
TUR,2018,0
TUR,2019,0
TUR,2020,0
TUR,2021,0
TUR,2022,0
TUR,2023,0
TUR,2024,0
UKR,1995,0
UKR,1996,0
UKR,1997,0
UKR,1998,0
UKR,1999,0
UKR,2000,0
UKR,2001,0
UKR,2002,0
UKR,2003,0
UKR,2004,0
UKR,2005,0
UKR,2006,0
UKR,2007,0
UKR,2008,0
UKR,2009,0
UKR,2010,0
UKR,2011,0
UKR,2012,0
UKR,2013,0
UKR,2014,1
UKR,2015,0
UKR,2016,0
UKR,2017,0
UKR,2018,0
UKR,2019,0
UKR,2020,0
UKR,2021,0
UKR,2022,0
UKR,2023,0
UKR,2024,0
GBR,1995,0
GBR,1996,0
GBR,1997,0
GBR,1998,0
GBR,1999,0
GBR,2000,0
GBR,2001,0
GBR,2002,0
GBR,2003,0
GBR,2004,0
GBR,2005,0
GBR,2006,0
GBR,2007,0
GBR,2008,0
GBR,2009,0
GBR,2010,0
GBR,2011,0
GBR,2012,0
GBR,2013,0
GBR,2014,0
GBR,2015,0
GBR,2016,0
GBR,2017,0
GBR,2018,0
GBR,2019,0
GBR,2020,0
GBR,2021,0
GBR,2022,0
GBR,2023,0
GBR,2024,0
URY,1995,0
URY,1996,0
URY,1997,0
URY,1998,0
URY,1999,0
URY,2000,0
URY,2001,0
URY,2002,0
URY,2003,0
URY,2004,0
URY,2005,0
URY,2006,0
URY,2007,0
URY,2008,0
URY,2009,0
URY,2010,0
URY,2011,0
URY,2012,0
URY,2013,0
URY,2014,0
URY,2015,0
URY,2016,0
URY,2017,0
URY,2018,0
URY,2019,0
URY,2020,0
URY,2021,0
URY,2022,0
URY,2023,0
URY,2024,0
DZA,1995,0
DZA,1996,0
DZA,1997,0
DZA,1998,0
DZA,1999,0
DZA,2000,0
DZA,2001,0
DZA,2002,0
DZA,2003,0
DZA,2004,0
DZA,2005,0
DZA,2006,0
DZA,2007,0
DZA,2008,0
DZA,2009,0
DZA,2010,0
DZA,2011,0
DZA,2012,0
DZA,2013,0
DZA,2014,0
DZA,2015,0
DZA,2016,0
DZA,2017,0
DZA,2018,0
DZA,2019,0
DZA,2020,0
DZA,2021,0
DZA,2022,0
DZA,2023,0
DZA,2024,0
AGO,1995,0
AGO,1996,0
AGO,1997,0
AGO,1998,0
AGO,1999,0
AGO,2000,0
AGO,2001,0
AGO,2002,0
AGO,2003,0
AGO,2004,0
AGO,2005,0
AGO,2006,0
AGO,2007,0
AGO,2008,0
AGO,2009,0
AGO,2010,0
AGO,2011,0
AGO,2012,0
AGO,2013,0
AGO,2014,0
AGO,2015,0
AGO,2016,0
AGO,2017,0
AGO,2018,0
AGO,2019,0
AGO,2020,0
AGO,2021,0
AGO,2022,0
AGO,2023,0
AGO,2024,0
ARM,1995,0
ARM,1996,0
ARM,1997,0
ARM,1998,0
ARM,1999,0
ARM,2000,0
ARM,2001,0
ARM,2002,0
ARM,2003,0
ARM,2004,0
ARM,2005,0
ARM,2006,0
ARM,2007,0
ARM,2008,0
ARM,2009,0
ARM,2010,0
ARM,2011,0
ARM,2012,0
ARM,2013,0
ARM,2014,0
ARM,2015,0
ARM,2016,0
ARM,2017,0
ARM,2018,0
ARM,2019,0
ARM,2020,0
ARM,2021,0
ARM,2022,0
ARM,2023,0
ARM,2024,0
AZE,1995,1
AZE,1996,0
AZE,1997,0
AZE,1998,0
AZE,1999,0
AZE,2000,0
AZE,2001,0
AZE,2002,0
AZE,2003,0
AZE,2004,0
AZE,2005,0
AZE,2006,0
AZE,2007,0
AZE,2008,0
AZE,2009,0
AZE,2010,0
AZE,2011,0
AZE,2012,0
AZE,2013,0
AZE,2014,0
AZE,2015,0
AZE,2016,0
AZE,2017,0
AZE,2018,0
AZE,2019,0
AZE,2020,0
AZE,2021,0
AZE,2022,0
AZE,2023,0
AZE,2024,0
BLR,1995,0
BLR,1996,0
BLR,1997,0
BLR,1998,0
BLR,1999,0
BLR,2000,0
BLR,2001,0
BLR,2002,0
BLR,2003,0
BLR,2004,0
BLR,2005,0
BLR,2006,0
BLR,2007,0
BLR,2008,0
BLR,2009,0
BLR,2010,0
BLR,2011,0
BLR,2012,0
BLR,2013,0
BLR,2014,0
BLR,2015,0
BLR,2016,0
BLR,2017,0
BLR,2018,0
BLR,2019,0
BLR,2020,0
BLR,2021,0
BLR,2022,0
BLR,2023,0
BLR,2024,0
CMR,1995,0
CMR,1996,0
CMR,1997,0
CMR,1998,0
CMR,1999,0
CMR,2000,0
CMR,2001,0
CMR,2002,0
CMR,2003,0
CMR,2004,0
CMR,2005,0
CMR,2006,0
CMR,2007,0
CMR,2008,0
CMR,2009,0
CMR,2010,0
CMR,2011,0
CMR,2012,0
CMR,2013,0
CMR,2014,0
CMR,2015,0
CMR,2016,0
CMR,2017,0
CMR,2018,0
CMR,2019,0
CMR,2020,0
CMR,2021,0
CMR,2022,0
CMR,2023,0
CMR,2024,0
TCD,1995,0
TCD,1996,0
TCD,1997,0
TCD,1998,0
TCD,1999,0
TCD,2000,0
TCD,2001,0
TCD,2002,0
TCD,2003,0
TCD,2004,0
TCD,2005,0
TCD,2006,1
TCD,2007,0
TCD,2008,0
TCD,2009,0
TCD,2010,0
TCD,2011,0
TCD,2012,0
TCD,2013,0
TCD,2014,0
TCD,2015,0
TCD,2016,0
TCD,2017,0
TCD,2018,0
TCD,2019,0
TCD,2020,0
TCD,2021,1
TCD,2022,0
TCD,2023,0
TCD,2024,0
CHN,1995,0
CHN,1996,0
CHN,1997,0
CHN,1998,0
CHN,1999,0
CHN,2000,0
CHN,2001,0
CHN,2002,0
CHN,2003,0
CHN,2004,0
CHN,2005,0
CHN,2006,0
CHN,2007,0
CHN,2008,0
CHN,2009,0
CHN,2010,0
CHN,2011,0
CHN,2012,0
CHN,2013,0
CHN,2014,0
CHN,2015,0
CHN,2016,0
CHN,2017,0
CHN,2018,0
CHN,2019,0
CHN,2020,0
CHN,2021,0
CHN,2022,0
CHN,2023,0
CHN,2024,0
COD,1995,0
COD,1996,0
COD,1997,0
COD,1998,0
COD,1999,0
COD,2000,0
COD,2001,0
COD,2002,0
COD,2003,0
COD,2004,1
COD,2005,0
COD,2006,0
COD,2007,0
COD,2008,0
COD,2009,0
COD,2010,0
COD,2011,0
COD,2012,0
COD,2013,0
COD,2014,0
COD,2015,0
COD,2016,0
COD,2017,0
COD,2018,0
COD,2019,0
COD,2020,0
COD,2021,0
COD,2022,0
COD,2023,0
COD,2024,0
COG,1995,0
COG,1996,0
COG,1997,0
COG,1998,0
COG,1999,0
COG,2000,0
COG,2001,0
COG,2002,0
COG,2003,0
COG,2004,0
COG,2005,0
COG,2006,0
COG,2007,0
COG,2008,0
COG,2009,0
COG,2010,0
COG,2011,0
COG,2012,0
COG,2013,0
COG,2014,0
COG,2015,0
COG,2016,0
COG,2017,0
COG,2018,0
COG,2019,0
COG,2020,0
COG,2021,0
COG,2022,0
COG,2023,0
COG,2024,0
DJI,1995,0
DJI,1996,0
DJI,1997,0
DJI,1998,0
DJI,1999,0
DJI,2000,1
DJI,2001,0
DJI,2002,0
DJI,2003,0
DJI,2004,0
DJI,2005,0
DJI,2006,0
DJI,2007,0
DJI,2008,0
DJI,2009,0
DJI,2010,0
DJI,2011,0
DJI,2012,0
DJI,2013,0
DJI,2014,0
DJI,2015,0
DJI,2016,0
DJI,2017,0
DJI,2018,0
DJI,2019,0
DJI,2020,0
DJI,2021,0
DJI,2022,0
DJI,2023,0
DJI,2024,0
DOM,1995,0
DOM,1996,0
DOM,1997,0
DOM,1998,0
DOM,1999,0
DOM,2000,0
DOM,2001,0
DOM,2002,0
DOM,2003,0
DOM,2004,0
DOM,2005,0
DOM,2006,0
DOM,2007,0
DOM,2008,0
DOM,2009,0
DOM,2010,0
DOM,2011,0
DOM,2012,0
DOM,2013,0
DOM,2014,0
DOM,2015,0
DOM,2016,0
DOM,2017,0
DOM,2018,0
DOM,2019,0
DOM,2020,0
DOM,2021,0
DOM,2022,0
DOM,2023,0
DOM,2024,0
ERI,1995,0
ERI,1996,0
ERI,1997,0
ERI,1998,0
ERI,1999,0
ERI,2000,0
ERI,2001,0
ERI,2002,0
ERI,2003,0
ERI,2004,0
ERI,2005,0
ERI,2006,0
ERI,2007,0
ERI,2008,0
ERI,2009,0
ERI,2010,0
ERI,2011,0
ERI,2012,0
ERI,2013,0
ERI,2014,0
ERI,2015,0
ERI,2016,0
ERI,2017,0
ERI,2018,0
ERI,2019,0
ERI,2020,0
ERI,2021,0
ERI,2022,0
ERI,2023,0
ERI,2024,0
GAB,1995,0
GAB,1996,0
GAB,1997,0
GAB,1998,0
GAB,1999,0
GAB,2000,0
GAB,2001,0
GAB,2002,0
GAB,2003,0
GAB,2004,0
GAB,2005,0
GAB,2006,0
GAB,2007,0
GAB,2008,0
GAB,2009,0
GAB,2010,0
GAB,2011,0
GAB,2012,0
GAB,2013,0
GAB,2014,0
GAB,2015,0
GAB,2016,0
GAB,2017,0
GAB,2018,0
GAB,2019,1
GAB,2020,0
GAB,2021,0
GAB,2022,0
GAB,2023,1
GAB,2024,0
GMB,1995,0
GMB,1996,0
GMB,1997,0
GMB,1998,0
GMB,1999,0
GMB,2000,0
GMB,2001,0
GMB,2002,0
GMB,2003,0
GMB,2004,0
GMB,2005,0
GMB,2006,0
GMB,2007,0
GMB,2008,0
GMB,2009,0
GMB,2010,0
GMB,2011,0
GMB,2012,0
GMB,2013,0
GMB,2014,0
GMB,2015,0
GMB,2016,0
GMB,2017,0
GMB,2018,0
GMB,2019,0
GMB,2020,0
GMB,2021,0
GMB,2022,0
GMB,2023,0
GMB,2024,0
GEO,1995,0
GEO,1996,0
GEO,1997,0
GEO,1998,0
GEO,1999,0
GEO,2000,0
GEO,2001,0
GEO,2002,0
GEO,2003,0
GEO,2004,0
GEO,2005,0
GEO,2006,0
GEO,2007,0
GEO,2008,0
GEO,2009,0
GEO,2010,0
GEO,2011,0
GEO,2012,0
GEO,2013,0
GEO,2014,0
GEO,2015,0
GEO,2016,0
GEO,2017,0
GEO,2018,0
GEO,2019,0
GEO,2020,0
GEO,2021,0
GEO,2022,0
GEO,2023,0
GEO,2024,0
GNB,1995,0
GNB,1996,0
GNB,1997,0
GNB,1998,1
GNB,1999,1
GNB,2000,1
GNB,2001,0
GNB,2002,0
GNB,2003,1
GNB,2004,0
GNB,2005,0
GNB,2006,0
GNB,2007,0
GNB,2008,1
GNB,2009,0
GNB,2010,1
GNB,2011,0
GNB,2012,1
GNB,2013,0
GNB,2014,0
GNB,2015,0
GNB,2016,0
GNB,2017,0
GNB,2018,0
GNB,2019,0
GNB,2020,0
GNB,2021,0
GNB,2022,1
GNB,2023,0
GNB,2024,0
JAM,1995,0
JAM,1996,0
JAM,1997,0
JAM,1998,0
JAM,1999,0
JAM,2000,0
JAM,2001,0
JAM,2002,0
JAM,2003,0
JAM,2004,0
JAM,2005,0
JAM,2006,0
JAM,2007,0
JAM,2008,0
JAM,2009,0
JAM,2010,0
JAM,2011,0
JAM,2012,0
JAM,2013,0
JAM,2014,0
JAM,2015,0
JAM,2016,0
JAM,2017,0
JAM,2018,0
JAM,2019,0
JAM,2020,0
JAM,2021,0
JAM,2022,0
JAM,2023,0
JAM,2024,0
KAZ,1995,0
KAZ,1996,0
KAZ,1997,0
KAZ,1998,0
KAZ,1999,0
KAZ,2000,0
KAZ,2001,0
KAZ,2002,0
KAZ,2003,0
KAZ,2004,0
KAZ,2005,0
KAZ,2006,0
KAZ,2007,0
KAZ,2008,0
KAZ,2009,0
KAZ,2010,0
KAZ,2011,0
KAZ,2012,0
KAZ,2013,0
KAZ,2014,0
KAZ,2015,0
KAZ,2016,0
KAZ,2017,0
KAZ,2018,0
KAZ,2019,0
KAZ,2020,0
KAZ,2021,0
KAZ,2022,0
KAZ,2023,0
KAZ,2024,0
KGZ,1995,0
KGZ,1996,0
KGZ,1997,0
KGZ,1998,0
KGZ,1999,0
KGZ,2000,0
KGZ,2001,0
KGZ,2002,0
KGZ,2003,0
KGZ,2004,0
KGZ,2005,0
KGZ,2006,0
KGZ,2007,0
KGZ,2008,0
KGZ,2009,0
KGZ,2010,0
KGZ,2011,0
KGZ,2012,0
KGZ,2013,0
KGZ,2014,0
KGZ,2015,0
KGZ,2016,0
KGZ,2017,0
KGZ,2018,0
KGZ,2019,0
KGZ,2020,0
KGZ,2021,0
KGZ,2022,0
KGZ,2023,0
KGZ,2024,0
LAO,1995,0
LAO,1996,0
LAO,1997,0
LAO,1998,0
LAO,1999,0
LAO,2000,0
LAO,2001,0
LAO,2002,0
LAO,2003,0
LAO,2004,0
LAO,2005,0
LAO,2006,0
LAO,2007,0
LAO,2008,0
LAO,2009,0
LAO,2010,0
LAO,2011,0
LAO,2012,0
LAO,2013,0
LAO,2014,0
LAO,2015,0
LAO,2016,0
LAO,2017,0
LAO,2018,0
LAO,2019,0
LAO,2020,0
LAO,2021,0
LAO,2022,0
LAO,2023,0
LAO,2024,0
LBY,1995,0
LBY,1996,0
LBY,1997,0
LBY,1998,0
LBY,1999,0
LBY,2000,0
LBY,2001,0
LBY,2002,0
LBY,2003,0
LBY,2004,0
LBY,2005,0
LBY,2006,0
LBY,2007,0
LBY,2008,0
LBY,2009,0
LBY,2010,0
LBY,2011,0
LBY,2012,0
LBY,2013,0
LBY,2014,0
LBY,2015,0
LBY,2016,0
LBY,2017,0
LBY,2018,0
LBY,2019,0
LBY,2020,0
LBY,2021,0
LBY,2022,0
LBY,2023,0
LBY,2024,0
MDG,1995,0
MDG,1996,0
MDG,1997,0
MDG,1998,0
MDG,1999,0
MDG,2000,0
MDG,2001,0
MDG,2002,0
MDG,2003,0
MDG,2004,0
MDG,2005,0
MDG,2006,0
MDG,2007,0
MDG,2008,0
MDG,2009,1
MDG,2010,1
MDG,2011,0
MDG,2012,0
MDG,2013,0
MDG,2014,0
MDG,2015,0
MDG,2016,0
MDG,2017,0
MDG,2018,0
MDG,2019,0
MDG,2020,0
MDG,2021,0
MDG,2022,0
MDG,2023,0
MDG,2024,0
MDA,1995,0
MDA,1996,0
MDA,1997,0
MDA,1998,0
MDA,1999,0
MDA,2000,0
MDA,2001,0
MDA,2002,0
MDA,2003,0
MDA,2004,0
MDA,2005,0
MDA,2006,0
MDA,2007,0
MDA,2008,0
MDA,2009,0
MDA,2010,0
MDA,2011,0
MDA,2012,0
MDA,2013,0
MDA,2014,0
MDA,2015,0
MDA,2016,0
MDA,2017,0
MDA,2018,0
MDA,2019,0
MDA,2020,0
MDA,2021,0
MDA,2022,0
MDA,2023,0
MDA,2024,0
NAM,1995,0
NAM,1996,0
NAM,1997,0
NAM,1998,0
NAM,1999,0
NAM,2000,0
NAM,2001,0
NAM,2002,0
NAM,2003,0
NAM,2004,0
NAM,2005,0
NAM,2006,0
NAM,2007,0
NAM,2008,0
NAM,2009,0
NAM,2010,0
NAM,2011,0
NAM,2012,0
NAM,2013,0
NAM,2014,0
NAM,2015,0
NAM,2016,0
NAM,2017,0
NAM,2018,0
NAM,2019,0
NAM,2020,0
NAM,2021,0
NAM,2022,0
NAM,2023,0
NAM,2024,0
PSE,1995,0
PSE,1996,0
PSE,1997,0
PSE,1998,0
PSE,1999,0
PSE,2000,0
PSE,2001,0
PSE,2002,0
PSE,2003,0
PSE,2004,0
PSE,2005,0
PSE,2006,0
PSE,2007,0
PSE,2008,0
PSE,2009,0
PSE,2010,0
PSE,2011,0
PSE,2012,0
PSE,2013,0
PSE,2014,0
PSE,2015,0
PSE,2016,0
PSE,2017,0
PSE,2018,0
PSE,2019,0
PSE,2020,0
PSE,2021,0
PSE,2022,0
PSE,2023,0
PSE,2024,0
RWA,1995,0
RWA,1996,0
RWA,1997,0
RWA,1998,0
RWA,1999,0
RWA,2000,0
RWA,2001,0
RWA,2002,0
RWA,2003,0
RWA,2004,0
RWA,2005,0
RWA,2006,0
RWA,2007,0
RWA,2008,0
RWA,2009,0
RWA,2010,0
RWA,2011,0
RWA,2012,0
RWA,2013,0
RWA,2014,0
RWA,2015,0
RWA,2016,0
RWA,2017,0
RWA,2018,0
RWA,2019,0
RWA,2020,0
RWA,2021,0
RWA,2022,0
RWA,2023,0
RWA,2024,0
SOM,1995,0
SOM,1996,0
SOM,1997,0
SOM,1998,0
SOM,1999,0
SOM,2000,0
SOM,2001,0
SOM,2002,0
SOM,2003,0
SOM,2004,0
SOM,2005,0
SOM,2006,0
SOM,2007,0
SOM,2008,0
SOM,2009,0
SOM,2010,0
SOM,2011,0
SOM,2012,0
SOM,2013,0
SOM,2014,0
SOM,2015,0
SOM,2016,0
SOM,2017,0
SOM,2018,0
SOM,2019,0
SOM,2020,0
SOM,2021,0
SOM,2022,0
SOM,2023,0
SOM,2024,0
LKA,1995,0
LKA,1996,0
LKA,1997,0
LKA,1998,0
LKA,1999,0
LKA,2000,0
LKA,2001,0
LKA,2002,0
LKA,2003,0
LKA,2004,0
LKA,2005,0
LKA,2006,0
LKA,2007,0
LKA,2008,0
LKA,2009,0
LKA,2010,0
LKA,2011,0
LKA,2012,0
LKA,2013,0
LKA,2014,0
LKA,2015,0
LKA,2016,0
LKA,2017,0
LKA,2018,0
LKA,2019,0
LKA,2020,0
LKA,2021,0
LKA,2022,0
LKA,2023,0
LKA,2024,0
SWZ,1995,0
SWZ,1996,0
SWZ,1997,0
SWZ,1998,0
SWZ,1999,0
SWZ,2000,0
SWZ,2001,0
SWZ,2002,0
SWZ,2003,0
SWZ,2004,0
SWZ,2005,0
SWZ,2006,0
SWZ,2007,0
SWZ,2008,0
SWZ,2009,0
SWZ,2010,0
SWZ,2011,0
SWZ,2012,0
SWZ,2013,0
SWZ,2014,0
SWZ,2015,0
SWZ,2016,0
SWZ,2017,0
SWZ,2018,0
SWZ,2019,0
SWZ,2020,0
SWZ,2021,0
SWZ,2022,0
SWZ,2023,0
SWZ,2024,0
TJK,1995,0
TJK,1996,0
TJK,1997,0
TJK,1998,0
TJK,1999,0
TJK,2000,0
TJK,2001,0
TJK,2002,0
TJK,2003,0
TJK,2004,0
TJK,2005,0
TJK,2006,0
TJK,2007,0
TJK,2008,0
TJK,2009,0
TJK,2010,0
TJK,2011,0
TJK,2012,0
TJK,2013,0
TJK,2014,0
TJK,2015,0
TJK,2016,0
TJK,2017,0
TJK,2018,0
TJK,2019,0
TJK,2020,0
TJK,2021,0
TJK,2022,0
TJK,2023,0
TJK,2024,0
TGO,1995,0
TGO,1996,0
TGO,1997,0
TGO,1998,0
TGO,1999,0
TGO,2000,0
TGO,2001,0
TGO,2002,0
TGO,2003,0
TGO,2004,0
TGO,2005,1
TGO,2006,0
TGO,2007,0
TGO,2008,0
TGO,2009,0
TGO,2010,0
TGO,2011,0
TGO,2012,0
TGO,2013,0
TGO,2014,0
TGO,2015,0
TGO,2016,0
TGO,2017,0
TGO,2018,0
TGO,2019,0
TGO,2020,0
TGO,2021,0
TGO,2022,0
TGO,2023,0
TGO,2024,0
TTO,1995,0
TTO,1996,0
TTO,1997,0
TTO,1998,0
TTO,1999,0
TTO,2000,0
TTO,2001,0
TTO,2002,0
TTO,2003,0
TTO,2004,0
TTO,2005,0
TTO,2006,0
TTO,2007,0
TTO,2008,0
TTO,2009,0
TTO,2010,0
TTO,2011,0
TTO,2012,0
TTO,2013,0
TTO,2014,0
TTO,2015,0
TTO,2016,0
TTO,2017,0
TTO,2018,0
TTO,2019,0
TTO,2020,0
TTO,2021,0
TTO,2022,0
TTO,2023,0
TTO,2024,0
TKM,1995,0
TKM,1996,0
TKM,1997,0
TKM,1998,0
TKM,1999,0
TKM,2000,0
TKM,2001,0
TKM,2002,0
TKM,2003,0
TKM,2004,0
TKM,2005,0
TKM,2006,0
TKM,2007,0
TKM,2008,0
TKM,2009,0
TKM,2010,0
TKM,2011,0
TKM,2012,0
TKM,2013,0
TKM,2014,0
TKM,2015,0
TKM,2016,0
TKM,2017,0
TKM,2018,0
TKM,2019,0
TKM,2020,0
TKM,2021,0
TKM,2022,0
TKM,2023,0
TKM,2024,0
PSG,2007,0
PSG,2008,0
PSG,2009,0
PSG,2010,0
PSG,2011,0
PSG,2012,0
PSG,2013,0
PSG,2014,0
PSG,2015,0
PSG,2016,0
PSG,2017,0
PSG,2018,0
PSG,2019,0
PSG,2020,0
PSG,2021,0
PSG,2022,0
PSG,2023,0
PSG,2024,0
SML,1995,0
SML,1996,0
SML,1997,0
SML,1998,0
SML,1999,0
SML,2000,0
SML,2001,0
SML,2002,0
SML,2003,0
SML,2004,0
SML,2005,0
SML,2006,0
SML,2007,0
SML,2008,0
SML,2009,0
SML,2010,0
SML,2011,0
SML,2012,0
SML,2013,0
SML,2014,0
SML,2015,0
SML,2016,0
SML,2017,0
SML,2018,0
SML,2019,0
SML,2020,0
SML,2021,0
SML,2022,0
SML,2023,0
SML,2024,0
UZB,1995,0
UZB,1996,0
UZB,1997,0
UZB,1998,0
UZB,1999,0
UZB,2000,0
UZB,2001,0
UZB,2002,0
UZB,2003,0
UZB,2004,0
UZB,2005,0
UZB,2006,0
UZB,2007,0
UZB,2008,0
UZB,2009,0
UZB,2010,0
UZB,2011,0
UZB,2012,0
UZB,2013,0
UZB,2014,0
UZB,2015,0
UZB,2016,0
UZB,2017,0
UZB,2018,0
UZB,2019,0
UZB,2020,0
UZB,2021,0
UZB,2022,0
UZB,2023,0
UZB,2024,0
AUT,1995,0
AUT,1996,0
AUT,1997,0
AUT,1998,0
AUT,1999,0
AUT,2000,0
AUT,2001,0
AUT,2002,0
AUT,2003,0
AUT,2004,0
AUT,2005,0
AUT,2006,0
AUT,2007,0
AUT,2008,0
AUT,2009,0
AUT,2010,0
AUT,2011,0
AUT,2012,0
AUT,2013,0
AUT,2014,0
AUT,2015,0
AUT,2016,0
AUT,2017,0
AUT,2018,0
AUT,2019,0
AUT,2020,0
AUT,2021,0
AUT,2022,0
AUT,2023,0
AUT,2024,0
BHR,1995,0
BHR,1996,0
BHR,1997,0
BHR,1998,0
BHR,1999,0
BHR,2000,0
BHR,2001,0
BHR,2002,0
BHR,2003,0
BHR,2004,0
BHR,2005,0
BHR,2006,0
BHR,2007,0
BHR,2008,0
BHR,2009,0
BHR,2010,0
BHR,2011,0
BHR,2012,0
BHR,2013,0
BHR,2014,0
BHR,2015,0
BHR,2016,0
BHR,2017,0
BHR,2018,0
BHR,2019,0
BHR,2020,0
BHR,2021,0
BHR,2022,0
BHR,2023,0
BHR,2024,0
BRB,1995,0
BRB,1996,0
BRB,1997,0
BRB,1998,0
BRB,1999,0
BRB,2000,0
BRB,2001,0
BRB,2002,0
BRB,2003,0
BRB,2004,0
BRB,2005,0
BRB,2006,0
BRB,2007,0
BRB,2008,0
BRB,2009,0
BRB,2010,0
BRB,2011,0
BRB,2012,0
BRB,2013,0
BRB,2014,0
BRB,2015,0
BRB,2016,0
BRB,2017,0
BRB,2018,0
BRB,2019,0
BRB,2020,0
BRB,2021,0
BRB,2022,0
BRB,2023,0
BRB,2024,0
BEL,1995,0
BEL,1996,0
BEL,1997,0
BEL,1998,0
BEL,1999,0
BEL,2000,0
BEL,2001,0
BEL,2002,0
BEL,2003,0
BEL,2004,0
BEL,2005,0
BEL,2006,0
BEL,2007,0
BEL,2008,0
BEL,2009,0
BEL,2010,0
BEL,2011,0
BEL,2012,0
BEL,2013,0
BEL,2014,0
BEL,2015,0
BEL,2016,0
BEL,2017,0
BEL,2018,0
BEL,2019,0
BEL,2020,0
BEL,2021,0
BEL,2022,0
BEL,2023,0
BEL,2024,0
BIH,1995,0
BIH,1996,0
BIH,1997,0
BIH,1998,0
BIH,1999,0
BIH,2000,0
BIH,2001,0
BIH,2002,0
BIH,2003,0
BIH,2004,0
BIH,2005,0
BIH,2006,0
BIH,2007,0
BIH,2008,0
BIH,2009,0
BIH,2010,0
BIH,2011,0
BIH,2012,0
BIH,2013,0
BIH,2014,0
BIH,2015,0
BIH,2016,0
BIH,2017,0
BIH,2018,0
BIH,2019,0
BIH,2020,0
BIH,2021,0
BIH,2022,0
BIH,2023,0
BIH,2024,0
BGR,1995,0
BGR,1996,0
BGR,1997,0
BGR,1998,0
BGR,1999,0
BGR,2000,0
BGR,2001,0
BGR,2002,0
BGR,2003,0
BGR,2004,0
BGR,2005,0
BGR,2006,0
BGR,2007,0
BGR,2008,0
BGR,2009,0
BGR,2010,0
BGR,2011,0
BGR,2012,0
BGR,2013,0
BGR,2014,0
BGR,2015,0
BGR,2016,0
BGR,2017,0
BGR,2018,0
BGR,2019,0
BGR,2020,0
BGR,2021,0
BGR,2022,0
BGR,2023,0
BGR,2024,0
COM,1995,0
COM,1996,0
COM,1997,0
COM,1998,0
COM,1999,1
COM,2000,1
COM,2001,0
COM,2002,0
COM,2003,0
COM,2004,0
COM,2005,0
COM,2006,0
COM,2007,0
COM,2008,0
COM,2009,0
COM,2010,0
COM,2011,0
COM,2012,0
COM,2013,0
COM,2014,0
COM,2015,0
COM,2016,0
COM,2017,0
COM,2018,0
COM,2019,0
COM,2020,0
COM,2021,0
COM,2022,0
COM,2023,0
COM,2024,0
HRV,1995,0
HRV,1996,0
HRV,1997,0
HRV,1998,0
HRV,1999,0
HRV,2000,0
HRV,2001,0
HRV,2002,0
HRV,2003,0
HRV,2004,0
HRV,2005,0
HRV,2006,0
HRV,2007,0
HRV,2008,0
HRV,2009,0
HRV,2010,0
HRV,2011,0
HRV,2012,0
HRV,2013,0
HRV,2014,0
HRV,2015,0
HRV,2016,0
HRV,2017,0
HRV,2018,0
HRV,2019,0
HRV,2020,0
HRV,2021,0
HRV,2022,0
HRV,2023,0
HRV,2024,0
CUB,1995,0
CUB,1996,0
CUB,1997,0
CUB,1998,0
CUB,1999,0
CUB,2000,0
CUB,2001,0
CUB,2002,0
CUB,2003,0
CUB,2004,0
CUB,2005,0
CUB,2006,0
CUB,2007,0
CUB,2008,0
CUB,2009,0
CUB,2010,0
CUB,2011,0
CUB,2012,0
CUB,2013,0
CUB,2014,0
CUB,2015,0
CUB,2016,0
CUB,2017,0
CUB,2018,0
CUB,2019,0
CUB,2020,0
CUB,2021,0
CUB,2022,0
CUB,2023,0
CUB,2024,0
CYP,1995,0
CYP,1996,0
CYP,1997,0
CYP,1998,0
CYP,1999,0
CYP,2000,0
CYP,2001,0
CYP,2002,0
CYP,2003,0
CYP,2004,0
CYP,2005,0
CYP,2006,0
CYP,2007,0
CYP,2008,0
CYP,2009,0
CYP,2010,0
CYP,2011,0
CYP,2012,0
CYP,2013,0
CYP,2014,0
CYP,2015,0
CYP,2016,0
CYP,2017,0
CYP,2018,0
CYP,2019,0
CYP,2020,0
CYP,2021,0
CYP,2022,0
CYP,2023,0
CYP,2024,0
CZE,1995,0
CZE,1996,0
CZE,1997,0
CZE,1998,0
CZE,1999,0
CZE,2000,0
CZE,2001,0
CZE,2002,0
CZE,2003,0
CZE,2004,0
CZE,2005,0
CZE,2006,0
CZE,2007,0
CZE,2008,0
CZE,2009,0
CZE,2010,0
CZE,2011,0
CZE,2012,0
CZE,2013,0
CZE,2014,0
CZE,2015,0
CZE,2016,0
CZE,2017,0
CZE,2018,0
CZE,2019,0
CZE,2020,0
CZE,2021,0
CZE,2022,0
CZE,2023,0
CZE,2024,0
DNK,1995,0
DNK,1996,0
DNK,1997,0
DNK,1998,0
DNK,1999,0
DNK,2000,0
DNK,2001,0
DNK,2002,0
DNK,2003,0
DNK,2004,0
DNK,2005,0
DNK,2006,0
DNK,2007,0
DNK,2008,0
DNK,2009,0
DNK,2010,0
DNK,2011,0
DNK,2012,0
DNK,2013,0
DNK,2014,0
DNK,2015,0
DNK,2016,0
DNK,2017,0
DNK,2018,0
DNK,2019,0
DNK,2020,0
DNK,2021,0
DNK,2022,0
DNK,2023,0
DNK,2024,0
GNQ,1995,0
GNQ,1996,0
GNQ,1997,0
GNQ,1998,0
GNQ,1999,0
GNQ,2000,0
GNQ,2001,0
GNQ,2002,0
GNQ,2003,0
GNQ,2004,0
GNQ,2005,0
GNQ,2006,0
GNQ,2007,0
GNQ,2008,0
GNQ,2009,0
GNQ,2010,0
GNQ,2011,0
GNQ,2012,0
GNQ,2013,0
GNQ,2014,0
GNQ,2015,0
GNQ,2016,0
GNQ,2017,0
GNQ,2018,0
GNQ,2019,0
GNQ,2020,0
GNQ,2021,0
GNQ,2022,0
GNQ,2023,0
GNQ,2024,0
EST,1995,0
EST,1996,0
EST,1997,0
EST,1998,0
EST,1999,0
EST,2000,0
EST,2001,0
EST,2002,0
EST,2003,0
EST,2004,0
EST,2005,0
EST,2006,0
EST,2007,0
EST,2008,0
EST,2009,0
EST,2010,0
EST,2011,0
EST,2012,0
EST,2013,0
EST,2014,0
EST,2015,0
EST,2016,0
EST,2017,0
EST,2018,0
EST,2019,0
EST,2020,0
EST,2021,0
EST,2022,0
EST,2023,0
EST,2024,0
FJI,1995,0
FJI,1996,0
FJI,1997,0
FJI,1998,0
FJI,1999,0
FJI,2000,1
FJI,2001,0
FJI,2002,0
FJI,2003,0
FJI,2004,0
FJI,2005,0
FJI,2006,1
FJI,2007,0
FJI,2008,0
FJI,2009,0
FJI,2010,0
FJI,2011,0
FJI,2012,0
FJI,2013,0
FJI,2014,0
FJI,2015,0
FJI,2016,0
FJI,2017,0
FJI,2018,0
FJI,2019,0
FJI,2020,0
FJI,2021,0
FJI,2022,0
FJI,2023,0
FJI,2024,0
FIN,1995,0
FIN,1996,0
FIN,1997,0
FIN,1998,0
FIN,1999,0
FIN,2000,0
FIN,2001,0
FIN,2002,0
FIN,2003,0
FIN,2004,0
FIN,2005,0
FIN,2006,0
FIN,2007,0
FIN,2008,0
FIN,2009,0
FIN,2010,0
FIN,2011,0
FIN,2012,0
FIN,2013,0
FIN,2014,0
FIN,2015,0
FIN,2016,0
FIN,2017,0
FIN,2018,0
FIN,2019,0
FIN,2020,0
FIN,2021,0
FIN,2022,0
FIN,2023,0
FIN,2024,0
GRC,1995,0
GRC,1996,0
GRC,1997,0
GRC,1998,0
GRC,1999,0
GRC,2000,0
GRC,2001,0
GRC,2002,0
GRC,2003,0
GRC,2004,0
GRC,2005,0
GRC,2006,0
GRC,2007,0
GRC,2008,0
GRC,2009,0
GRC,2010,0
GRC,2011,0
GRC,2012,0
GRC,2013,0
GRC,2014,0
GRC,2015,0
GRC,2016,0
GRC,2017,0
GRC,2018,0
GRC,2019,0
GRC,2020,0
GRC,2021,0
GRC,2022,0
GRC,2023,0
GRC,2024,0
GUY,1995,0
GUY,1996,0
GUY,1997,0
GUY,1998,0
GUY,1999,0
GUY,2000,0
GUY,2001,0
GUY,2002,0
GUY,2003,0
GUY,2004,0
GUY,2005,0
GUY,2006,0
GUY,2007,0
GUY,2008,0
GUY,2009,0
GUY,2010,0
GUY,2011,0
GUY,2012,0
GUY,2013,0
GUY,2014,0
GUY,2015,0
GUY,2016,0
GUY,2017,0
GUY,2018,0
GUY,2019,0
GUY,2020,0
GUY,2021,0
GUY,2022,0
GUY,2023,0
GUY,2024,0
HKG,1995,0
HKG,1996,0
HKG,1997,0
HKG,1998,0
HKG,1999,0
HKG,2000,0
HKG,2001,0
HKG,2002,0
HKG,2003,0
HKG,2004,0
HKG,2005,0
HKG,2006,0
HKG,2007,0
HKG,2008,0
HKG,2009,0
HKG,2010,0
HKG,2011,0
HKG,2012,0
HKG,2013,0
HKG,2014,0
HKG,2015,0
HKG,2016,0
HKG,2017,0
HKG,2018,0
HKG,2019,0
HKG,2020,0
HKG,2021,0
HKG,2022,0
HKG,2023,0
HKG,2024,0
ISL,1995,0
ISL,1996,0
ISL,1997,0
ISL,1998,0
ISL,1999,0
ISL,2000,0
ISL,2001,0
ISL,2002,0
ISL,2003,0
ISL,2004,0
ISL,2005,0
ISL,2006,0
ISL,2007,0
ISL,2008,0
ISL,2009,0
ISL,2010,0
ISL,2011,0
ISL,2012,0
ISL,2013,0
ISL,2014,0
ISL,2015,0
ISL,2016,0
ISL,2017,0
ISL,2018,0
ISL,2019,0
ISL,2020,0
ISL,2021,0
ISL,2022,0
ISL,2023,0
ISL,2024,0
ISR,1995,0
ISR,1996,0
ISR,1997,0
ISR,1998,0
ISR,1999,0
ISR,2000,0
ISR,2001,0
ISR,2002,0
ISR,2003,0
ISR,2004,0
ISR,2005,0
ISR,2006,0
ISR,2007,0
ISR,2008,0
ISR,2009,0
ISR,2010,0
ISR,2011,0
ISR,2012,0
ISR,2013,0
ISR,2014,0
ISR,2015,0
ISR,2016,0
ISR,2017,0
ISR,2018,0
ISR,2019,0
ISR,2020,0
ISR,2021,0
ISR,2022,0
ISR,2023,0
ISR,2024,0
KWT,1995,0
KWT,1996,0
KWT,1997,0
KWT,1998,0
KWT,1999,0
KWT,2000,0
KWT,2001,0
KWT,2002,0
KWT,2003,0
KWT,2004,0
KWT,2005,0
KWT,2006,0
KWT,2007,0
KWT,2008,0
KWT,2009,0
KWT,2010,0
KWT,2011,0
KWT,2012,0
KWT,2013,0
KWT,2014,0
KWT,2015,0
KWT,2016,0
KWT,2017,0
KWT,2018,0
KWT,2019,0
KWT,2020,0
KWT,2021,0
KWT,2022,0
KWT,2023,0
KWT,2024,0
LTU,1995,0
LTU,1996,0
LTU,1997,0
LTU,1998,0
LTU,1999,0
LTU,2000,0
LTU,2001,0
LTU,2002,0
LTU,2003,0
LTU,2004,0
LTU,2005,0
LTU,2006,0
LTU,2007,0
LTU,2008,0
LTU,2009,0
LTU,2010,0
LTU,2011,0
LTU,2012,0
LTU,2013,0
LTU,2014,0
LTU,2015,0
LTU,2016,0
LTU,2017,0
LTU,2018,0
LTU,2019,0
LTU,2020,0
LTU,2021,0
LTU,2022,0
LTU,2023,0
LTU,2024,0
LUX,1995,0
LUX,1996,0
LUX,1997,0
LUX,1998,0
LUX,1999,0
LUX,2000,0
LUX,2001,0
LUX,2002,0
LUX,2003,0
LUX,2004,0
LUX,2005,0
LUX,2006,0
LUX,2007,0
LUX,2008,0
LUX,2009,0
LUX,2010,0
LUX,2011,0
LUX,2012,0
LUX,2013,0
LUX,2014,0
LUX,2015,0
LUX,2016,0
LUX,2017,0
LUX,2018,0
LUX,2019,0
LUX,2020,0
LUX,2021,0
LUX,2022,0
LUX,2023,0
LUX,2024,0
MKD,1995,0
MKD,1996,0
MKD,1997,0
MKD,1998,0
MKD,1999,0
MKD,2000,0
MKD,2001,0
MKD,2002,0
MKD,2003,0
MKD,2004,0
MKD,2005,0
MKD,2006,0
MKD,2007,0
MKD,2008,0
MKD,2009,0
MKD,2010,0
MKD,2011,0
MKD,2012,0
MKD,2013,0
MKD,2014,0
MKD,2015,0
MKD,2016,0
MKD,2017,0
MKD,2018,0
MKD,2019,0
MKD,2020,0
MKD,2021,0
MKD,2022,0
MKD,2023,0
MKD,2024,0
MYS,1995,0
MYS,1996,0
MYS,1997,0
MYS,1998,0
MYS,1999,0
MYS,2000,0
MYS,2001,0
MYS,2002,0
MYS,2003,0
MYS,2004,0
MYS,2005,0
MYS,2006,0
MYS,2007,0
MYS,2008,0
MYS,2009,0
MYS,2010,0
MYS,2011,0
MYS,2012,0
MYS,2013,0
MYS,2014,0
MYS,2015,0
MYS,2016,0
MYS,2017,0
MYS,2018,0
MYS,2019,0
MYS,2020,0
MYS,2021,0
MYS,2022,0
MYS,2023,0
MYS,2024,0
MLT,1995,0
MLT,1996,0
MLT,1997,0
MLT,1998,0
MLT,1999,0
MLT,2000,0
MLT,2001,0
MLT,2002,0
MLT,2003,0
MLT,2004,0
MLT,2005,0
MLT,2006,0
MLT,2007,0
MLT,2008,0
MLT,2009,0
MLT,2010,0
MLT,2011,0
MLT,2012,0
MLT,2013,0
MLT,2014,0
MLT,2015,0
MLT,2016,0
MLT,2017,0
MLT,2018,0
MLT,2019,0
MLT,2020,0
MLT,2021,0
MLT,2022,0
MLT,2023,0
MLT,2024,0
MUS,1995,0
MUS,1996,0
MUS,1997,0
MUS,1998,0
MUS,1999,0
MUS,2000,0
MUS,2001,0
MUS,2002,0
MUS,2003,0
MUS,2004,0
MUS,2005,0
MUS,2006,0
MUS,2007,0
MUS,2008,0
MUS,2009,0
MUS,2010,0
MUS,2011,0
MUS,2012,0
MUS,2013,0
MUS,2014,0
MUS,2015,0
MUS,2016,0
MUS,2017,0
MUS,2018,0
MUS,2019,0
MUS,2020,0
MUS,2021,0
MUS,2022,0
MUS,2023,0
MUS,2024,0
MNE,1998,0
MNE,1999,0
MNE,2000,0
MNE,2001,0
MNE,2002,0
MNE,2003,0
MNE,2004,0
MNE,2005,0
MNE,2006,0
MNE,2007,0
MNE,2008,0
MNE,2009,0
MNE,2010,0
MNE,2011,0
MNE,2012,0
MNE,2013,0
MNE,2014,0
MNE,2015,0
MNE,2016,0
MNE,2017,0
MNE,2018,0
MNE,2019,0
MNE,2020,0
MNE,2021,0
MNE,2022,0
MNE,2023,0
MNE,2024,0
NZL,1995,0
NZL,1996,0
NZL,1997,0
NZL,1998,0
NZL,1999,0
NZL,2000,0
NZL,2001,0
NZL,2002,0
NZL,2003,0
NZL,2004,0
NZL,2005,0
NZL,2006,0
NZL,2007,0
NZL,2008,0
NZL,2009,0
NZL,2010,0
NZL,2011,0
NZL,2012,0
NZL,2013,0
NZL,2014,0
NZL,2015,0
NZL,2016,0
NZL,2017,0
NZL,2018,0
NZL,2019,0
NZL,2020,0
NZL,2021,0
NZL,2022,0
NZL,2023,0
NZL,2024,0
NOR,1995,0
NOR,1996,0
NOR,1997,0
NOR,1998,0
NOR,1999,0
NOR,2000,0
NOR,2001,0
NOR,2002,0
NOR,2003,0
NOR,2004,0
NOR,2005,0
NOR,2006,0
NOR,2007,0
NOR,2008,0
NOR,2009,0
NOR,2010,0
NOR,2011,0
NOR,2012,0
NOR,2013,0
NOR,2014,0
NOR,2015,0
NOR,2016,0
NOR,2017,0
NOR,2018,0
NOR,2019,0
NOR,2020,0
NOR,2021,0
NOR,2022,0
NOR,2023,0
NOR,2024,0
OMN,1995,0
OMN,1996,0
OMN,1997,0
OMN,1998,0
OMN,1999,0
OMN,2000,0
OMN,2001,0
OMN,2002,0
OMN,2003,0
OMN,2004,0
OMN,2005,0
OMN,2006,0
OMN,2007,0
OMN,2008,0
OMN,2009,0
OMN,2010,0
OMN,2011,0
OMN,2012,0
OMN,2013,0
OMN,2014,0
OMN,2015,0
OMN,2016,0
OMN,2017,0
OMN,2018,0
OMN,2019,0
OMN,2020,0
OMN,2021,0
OMN,2022,0
OMN,2023,0
OMN,2024,0
PRY,1995,0
PRY,1996,0
PRY,1997,0
PRY,1998,0
PRY,1999,0
PRY,2000,1
PRY,2001,0
PRY,2002,0
PRY,2003,0
PRY,2004,0
PRY,2005,0
PRY,2006,0
PRY,2007,0
PRY,2008,0
PRY,2009,0
PRY,2010,0
PRY,2011,0
PRY,2012,0
PRY,2013,0
PRY,2014,0
PRY,2015,0
PRY,2016,0
PRY,2017,0
PRY,2018,0
PRY,2019,0
PRY,2020,0
PRY,2021,0
PRY,2022,0
PRY,2023,0
PRY,2024,0
ROU,1995,0
ROU,1996,0
ROU,1997,0
ROU,1998,0
ROU,1999,0
ROU,2000,0
ROU,2001,0
ROU,2002,0
ROU,2003,0
ROU,2004,0
ROU,2005,0
ROU,2006,0
ROU,2007,0
ROU,2008,0
ROU,2009,0
ROU,2010,0
ROU,2011,0
ROU,2012,0
ROU,2013,0
ROU,2014,0
ROU,2015,0
ROU,2016,0
ROU,2017,0
ROU,2018,0
ROU,2019,0
ROU,2020,0
ROU,2021,0
ROU,2022,0
ROU,2023,0
ROU,2024,0
STP,1995,1
STP,1996,0
STP,1997,0
STP,1998,0
STP,1999,0
STP,2000,0
STP,2001,0
STP,2002,0
STP,2003,1
STP,2004,0
STP,2005,0
STP,2006,0
STP,2007,0
STP,2008,0
STP,2009,0
STP,2010,0
STP,2011,0
STP,2012,0
STP,2013,0
STP,2014,0
STP,2015,0
STP,2016,0
STP,2017,0
STP,2018,0
STP,2019,0
STP,2020,0
STP,2021,0
STP,2022,1
STP,2023,0
STP,2024,0
SAU,1995,0
SAU,1996,0
SAU,1997,0
SAU,1998,0
SAU,1999,0
SAU,2000,0
SAU,2001,0
SAU,2002,0
SAU,2003,0
SAU,2004,0
SAU,2005,0
SAU,2006,0
SAU,2007,0
SAU,2008,0
SAU,2009,0
SAU,2010,0
SAU,2011,0
SAU,2012,0
SAU,2013,0
SAU,2014,0
SAU,2015,0
SAU,2016,0
SAU,2017,0
SAU,2018,0
SAU,2019,0
SAU,2020,0
SAU,2021,0
SAU,2022,0
SAU,2023,0
SAU,2024,0
SRB,1995,0
SRB,1996,0
SRB,1997,0
SRB,1998,0
SRB,1999,0
SRB,2000,0
SRB,2001,0
SRB,2002,0
SRB,2003,0
SRB,2004,0
SRB,2005,0
SRB,2006,0
SRB,2007,0
SRB,2008,0
SRB,2009,0
SRB,2010,0
SRB,2011,0
SRB,2012,0
SRB,2013,0
SRB,2014,0
SRB,2015,0
SRB,2016,0
SRB,2017,0
SRB,2018,0
SRB,2019,0
SRB,2020,0
SRB,2021,0
SRB,2022,0
SRB,2023,0
SRB,2024,0
SYC,1995,0
SYC,1996,0
SYC,1997,0
SYC,1998,0
SYC,1999,0
SYC,2000,0
SYC,2001,0
SYC,2002,0
SYC,2003,0
SYC,2004,0
SYC,2005,0
SYC,2006,0
SYC,2007,0
SYC,2008,0
SYC,2009,0
SYC,2010,0
SYC,2011,0
SYC,2012,0
SYC,2013,0
SYC,2014,0
SYC,2015,0
SYC,2016,0
SYC,2017,0
SYC,2018,0
SYC,2019,0
SYC,2020,0
SYC,2021,0
SYC,2022,0
SYC,2023,0
SYC,2024,0
SGP,1995,0
SGP,1996,0
SGP,1997,0
SGP,1998,0
SGP,1999,0
SGP,2000,0
SGP,2001,0
SGP,2002,0
SGP,2003,0
SGP,2004,0
SGP,2005,0
SGP,2006,0
SGP,2007,0
SGP,2008,0
SGP,2009,0
SGP,2010,0
SGP,2011,0
SGP,2012,0
SGP,2013,0
SGP,2014,0
SGP,2015,0
SGP,2016,0
SGP,2017,0
SGP,2018,0
SGP,2019,0
SGP,2020,0
SGP,2021,0
SGP,2022,0
SGP,2023,0
SGP,2024,0
SVK,1995,0
SVK,1996,0
SVK,1997,0
SVK,1998,0
SVK,1999,0
SVK,2000,0
SVK,2001,0
SVK,2002,0
SVK,2003,0
SVK,2004,0
SVK,2005,0
SVK,2006,0
SVK,2007,0
SVK,2008,0
SVK,2009,0
SVK,2010,0
SVK,2011,0
SVK,2012,0
SVK,2013,0
SVK,2014,0
SVK,2015,0
SVK,2016,0
SVK,2017,0
SVK,2018,0
SVK,2019,0
SVK,2020,0
SVK,2021,0
SVK,2022,0
SVK,2023,0
SVK,2024,0
SVN,1995,0
SVN,1996,0
SVN,1997,0
SVN,1998,0
SVN,1999,0
SVN,2000,0
SVN,2001,0
SVN,2002,0
SVN,2003,0
SVN,2004,0
SVN,2005,0
SVN,2006,0
SVN,2007,0
SVN,2008,0
SVN,2009,0
SVN,2010,0
SVN,2011,0
SVN,2012,0
SVN,2013,0
SVN,2014,0
SVN,2015,0
SVN,2016,0
SVN,2017,0
SVN,2018,0
SVN,2019,0
SVN,2020,0
SVN,2021,0
SVN,2022,0
SVN,2023,0
SVN,2024,0
SLB,1995,0
SLB,1996,0
SLB,1997,0
SLB,1998,0
SLB,1999,0
SLB,2000,0
SLB,2001,0
SLB,2002,0
SLB,2003,0
SLB,2004,0
SLB,2005,0
SLB,2006,0
SLB,2007,0
SLB,2008,0
SLB,2009,0
SLB,2010,0
SLB,2011,0
SLB,2012,0
SLB,2013,0
SLB,2014,0
SLB,2015,0
SLB,2016,0
SLB,2017,0
SLB,2018,0
SLB,2019,0
SLB,2020,0
SLB,2021,0
SLB,2022,0
SLB,2023,0
SLB,2024,0
VUT,1995,0
VUT,1996,0
VUT,1997,0
VUT,1998,0
VUT,1999,0
VUT,2000,0
VUT,2001,0
VUT,2002,0
VUT,2003,0
VUT,2004,0
VUT,2005,0
VUT,2006,0
VUT,2007,0
VUT,2008,0
VUT,2009,0
VUT,2010,0
VUT,2011,0
VUT,2012,0
VUT,2013,0
VUT,2014,0
VUT,2015,0
VUT,2016,0
VUT,2017,0
VUT,2018,0
VUT,2019,0
VUT,2020,0
VUT,2021,0
VUT,2022,0
VUT,2023,0
VUT,2024,0
ARE,1995,0
ARE,1996,0
ARE,1997,0
ARE,1998,0
ARE,1999,0
ARE,2000,0
ARE,2001,0
ARE,2002,0
ARE,2003,0
ARE,2004,0
ARE,2005,0
ARE,2006,0
ARE,2007,0
ARE,2008,0
ARE,2009,0
ARE,2010,0
ARE,2011,0
ARE,2012,0
ARE,2013,0
ARE,2014,0
ARE,2015,0
ARE,2016,0
ARE,2017,0
ARE,2018,0
ARE,2019,0
ARE,2020,0
ARE,2021,0
ARE,2022,0
ARE,2023,0
ARE,2024,0
HUN,1995,0
HUN,1996,0
HUN,1997,0
HUN,1998,0
HUN,1999,0
HUN,2000,0
HUN,2001,0
HUN,2002,0
HUN,2003,0
HUN,2004,0
HUN,2005,0
HUN,2006,0
HUN,2007,0
HUN,2008,0
HUN,2009,0
HUN,2010,0
HUN,2011,0
HUN,2012,0
HUN,2013,0
HUN,2014,0
HUN,2015,0
HUN,2016,0
HUN,2017,0
HUN,2018,0
HUN,2019,0
HUN,2020,0
HUN,2021,0
HUN,2022,0
HUN,2023,0
HUN,2024,0
ZZB,1995,0
ZZB,1996,0
ZZB,1997,0
ZZB,1998,0
ZZB,1999,0
ZZB,2000,0
ZZB,2001,0
ZZB,2002,0
ZZB,2003,0
ZZB,2004,0
ZZB,2005,0
ZZB,2006,0
ZZB,2007,0
ZZB,2008,0
ZZB,2009,0
ZZB,2010,0
ZZB,2011,0
ZZB,2012,0
ZZB,2013,0
ZZB,2014,0
ZZB,2015,0
ZZB,2016,0
ZZB,2017,0
ZZB,2018,0
ZZB,2019,0
ZZB,2020,0
ZZB,2021,0
ZZB,2022,0
ZZB,2023,0
ZZB,2024,0
