country,year,pharma_imports
ABW,2014,29420914.0
ABW,2015,26505133.0
ABW,2016,28149769.94
ABW,2017,30664885.052
ABW,2018,33024842.519
ABW,2019,35294897.753
ABW,2020,35318033.507
ABW,2021,40658454.734
ABW,2022,35546575.476
ABW,2023,37073610.65
AFG,2014,68431720.0
AFG,2015,60103177.0
AFG,2016,51420388.0
AFG,2017,96752645.03
AFG,2018,89624824.46
AFG,2019,161924899.71
AGO,2014,331526560.0
AGO,2015,248699576.1
AGO,2016,231618889.52
AGO,2017,283178602.55
AGO,2018,350982633.227
AGO,2019,294304593.861
AGO,2020,282103261.561
AGO,2021,322068826.039
AGO,2022,678247525.877
AGO,2023,329832599.085
AGO,2024,248436179.2
ALB,2014,199969590.0
ALB,2015,153343441.0
ALB,2016,161588508.0
ALB,2017,208617396.8
ALB,2018,220490625.983
ALB,2019,220949721.941
ALB,2020,231285536.555
ALB,2021,305782197.303
ALB,2022,249500950.728
ALB,2023,266798783.639
ALB,2024,302385547.985
AND,2014,38994035.789
AND,2015,35019419.277
AND,2016,33191569.409
AND,2017,33850330.47
AND,2018,35195266.277
AND,2019,35794136.899
AND,2020,37188848.005
AND,2021,43953440.562
AND,2022,41440606.806
AND,2023,46266833.724
ARE,2014,2366822048.606
ARE,2015,2471182172.274
ARE,2016,2595140292.962
ARE,2017,3585037811.484
ARE,2018,4038347484.511
ARE,2019,4079561957.728
ARE,2020,4446337781.488
ARE,2021,6573438169.48
ARE,2022,5756589195.89
ARE,2023,6174866487.128
ARG,2014,2148944239.21
ARG,2015,2406584613.61
ARG,2016,2157431231.87
ARG,2017,2380966271.72
ARG,2018,2372194822.07
ARG,2019,2089587083.72
ARG,2020,2143935584.25
ARG,2021,3294406423.29
ARG,2022,3182414258.66
ARG,2023,2601489353.82
ARG,2024,2486880726.03
ARM,2014,119911250.0
ARM,2015,111749601.0
ARM,2016,110727375.0
ARM,2017,184660001.9
ARM,2018,158574917.99
ARM,2019,209583180.85
ARM,2020,161125260.06
ARM,2021,186709263.59
ARM,2022,215250009.07
ARM,2023,224227017.24
ARM,2024,238506655.28
ATG,2014,6187272.0
ATG,2015,7899510.0
ATG,2016,7388663.0
ATG,2017,8283394.343
ATG,2018,10280069.364
ATG,2019,10913079.388
ATG,2020,10301499.943
ATG,2021,11109615.652
ATG,2022,10736241.0
ATG,2023,11580501.222
ATG,2024,9243383.028
AUS,2014,8472278028.0
AUS,2015,7257071112.0
AUS,2016,7781062785.0
AUS,2017,8026101154.163
AUS,2018,8332790505.561
AUS,2019,8539766450.959
AUS,2020,8987432993.288
AUS,2021,11029114428.292
AUS,2022,13399459930.325
AUS,2023,11351954310.594
AUS,2024,11149392321.819
AUT,2014,6010437695.744
AUT,2015,5277713476.55
AUT,2016,5712464684.489
AUT,2017,6018320835.434
AUT,2018,7276566184.419
AUT,2019,7630665396.203
AUT,2020,7958790220.07
AUT,2021,10782021810.779
AUT,2022,10069380213.339
AUT,2023,11279201058.794
AUT,2024,11668441580.655
AZE,2014,225938303.0
AZE,2015,270684493.97
AZE,2016,195422195.8
AZE,2017,249015827.78
AZE,2018,290184259.9
AZE,2019,296555109.32
AZE,2020,377146393.34
AZE,2021,528835949.0
AZE,2022,653065468.56
AZE,2023,560837040.37
AZE,2024,507557424.63
BDI,2014,49208171.0
BDI,2015,50491178.0
BDI,2016,54440043.0
BDI,2017,61888949.356
BDI,2018,60484737.594
BDI,2019,62659401.648
BDI,2020,64472980.074
BDI,2021,69217768.365
BDI,2022,60010504.73
BDI,2023,41791979.322
BEL,2014,16131388210.567
BEL,2015,13143074970.562
BEL,2016,19699640786.375
BEL,2017,24433942832.35
BEL,2018,28054511295.42
BEL,2019,33362388043.329
BEL,2020,36889456130.871
BEL,2021,46990049850.558
BEL,2022,48338804116.315
BEL,2023,53725938947.47
BEL,2024,44258294888.782
BEN,2014,98516545.0
BEN,2015,79570614.055
BEN,2016,84779080.027
BEN,2017,97381646.856
BEN,2018,114170537.35
BEN,2019,126828738.172
BEN,2020,126540843.33
BEN,2021,159517172.582
BEN,2022,168968831.986
BEN,2023,146144593.755
BEN,2024,155433179.327
BFA,2014,195900863.27
BFA,2015,184067397.298
BFA,2016,211624334.0
BFA,2017,167692884.326
BFA,2018,246116865.998
BFA,2019,218104659.071
BFA,2020,242388810.952
BFA,2021,249005473.381
BFA,2022,305196710.676
BFA,2023,249283004.823
BFA,2024,270184657.031
BGD,2015,186776678.0
BGD,2016,252337942.612
BGD,2017,296588085.894
BGD,2018,260976869.658
BGR,2014,1361254807.0
BGR,2015,1228680731.0
BGR,2016,1243479990.537
BGR,2017,1421003377.385
BGR,2018,1579468568.817
BGR,2019,1588148199.984
BGR,2020,1696800321.267
BGR,2021,2074228833.897
BGR,2022,1922048284.829
BGR,2023,2228164548.989
BGR,2024,2249793017.575
BHR,2014,269918721.0
BHR,2015,293782048.812
BHR,2016,306931999.673
BHR,2017,274022680.146
BHR,2018,332404648.474
BHR,2019,355352862.19
BHR,2020,331231853.62
BHR,2021,375967389.176
BHR,2022,405270983.236
BHR,2023,427786570.072
BHR,2024,464255037.381
BHS,2014,53099495.0
BHS,2015,55080200.0
BHS,2016,54740635.0
BHS,2017,55386823.58
BHS,2018,55555982.19
BHS,2019,43968400.267
BHS,2020,43905191.0
BHS,2021,59458950.0
BHS,2022,66977408.0
BHS,2023,70162788.0
BHS,2024,69283663.0
BIH,2014,375735592.0
BIH,2015,298494540.0
BIH,2016,306413927.0
BIH,2017,313732740.59
BIH,2018,344048097.21
BIH,2019,362096882.53
BIH,2020,388653760.0
BIH,2021,473029651.51
BIH,2022,420871869.01
BIH,2023,477353810.303
BIH,2024,525759687.586
BLR,2014,817507300.0
BLR,2015,610804500.0
BLR,2016,599016400.0
BLR,2017,714466500.0
BLR,2018,730602600.0
BLR,2019,845158600.0
BLR,2020,1003827700.0
BLR,2021,980000000.0
BLZ,2014,10160087.0
BLZ,2015,13681953.0
BLZ,2016,11361385.0
BLZ,2017,14844801.94
BLZ,2018,11969881.76
BLZ,2019,12403382.625
BLZ,2020,12460487.425
BLZ,2021,12697492.835
BLZ,2022,19677212.975
BLZ,2023,18244377.115
BLZ,2024,17261050.34
BMU,2014,24008857.0
BMU,2015,22681413.0
BMU,2016,22817217.0
BMU,2017,24668263.41
BMU,2018,25057525.91
BMU,2019,26723801.05
BMU,2020,20782480.77
BMU,2021,33030657.63
BMU,2022,32245691.61
BMU,2023,34722440.62
BMU,2024,37819431.96
BOL,2014,171695134.14
BOL,2015,184571986.21
BOL,2016,185655635.19
BOL,2017,193680623.98
BOL,2018,206047382.62
BOL,2019,223611507.3
BOL,2020,238740315.83
BOL,2021,256831100.45
BOL,2022,248493775.0
BOL,2023,246060888.0
BOL,2024,253851638.0
BRA,2014,7622480683.0
BRA,2015,6632333301.0
BRA,2016,6547244966.0
BRA,2017,6727103665.0
BRA,2018,7443801646.0
BRA,2019,7534488301.0
BRA,2020,7323151275.0
BRA,2021,11380260241.0
BRA,2022,10288555713.0
BRA,2023,11244376560.0
BRA,2024,12587924236.0
BRA,2025,14819037359.0
BRB,2014,70181738.0
BRB,2015,63374463.0
BRB,2016,61843768.0
BRB,2017,51318828.5
BRB,2018,50306758.5
BRB,2019,45476620.0
BRB,2020,44945355.5
BRB,2021,47094986.5
BRB,2022,48051943.0
BRB,2023,45951340.0
BRB,2024,47299449.5
BRN,2014,75422676.0
BRN,2015,73131466.0
BRN,2016,66802144.0
BRN,2017,63454859.275
BRN,2018,78028660.716
BRN,2019,100674210.86
BRN,2020,169956229.22
BRN,2021,150969941.96
BRN,2022,142743715.464
BRN,2023,226912610.937
BRN,2024,112134594.006
BTN,2016,5180178.698
BTN,2017,5514144.8
BTN,2018,6322627.773
BTN,2019,11980294.31
BTN,2020,6000382.451
BTN,2022,23028041.212
BTN,2023,15193243.82
BTN,2025,7819092.941
BWA,2014,110029841.538
BWA,2015,124810191.363
BWA,2016,184191837.0
BWA,2017,170598942.313
BWA,2018,114914741.735
BWA,2019,129665285.827
BWA,2020,132184865.593
BWA,2021,191061638.409
BWA,2022,125697830.551
BWA,2023,138301412.336
CAF,2014,47674486.0
CAF,2015,33306140.0
CAF,2016,42337607.0
CAF,2017,29983505.525
CAF,2018,18755991.0
CAF,2019,74830613.176
CAF,2020,52649553.355
CAF,2021,41918187.157
CAF,2022,59747818.789
CAF,2023,48184971.391
CAF,2024,64474154.01
CAN,2014,12478392782.0
CAN,2015,11392031599.393
CAN,2016,11371468947.85
CAN,2017,11710909646.204
CAN,2018,12557534423.514
CAN,2019,13865504094.15
CAN,2020,14277029304.583
CAN,2021,18466624260.441
CAN,2022,20085731077.379
CAN,2023,18926370456.354
CAN,2024,18860043724.459
CHE,2014,23552691168.038
CHE,2015,21557332087.34
CHE,2016,24524195487.067
CHE,2017,28719167882.623
CHE,2018,29985885788.079
CHE,2019,31537140781.87
CHE,2020,38939997927.747
CHE,2021,42253867227.953
CHE,2022,48686064687.15
CHE,2023,58466414025.595
CHE,2024,67740608831.203
CHL,2014,1184192943.457
CHL,2015,1210697335.491
CHL,2016,1192075091.208
CHL,2017,1333232590.797
CHL,2018,1538513903.243
CHL,2019,1646349087.807
CHL,2020,1736599155.992
CHL,2021,2463265355.748
CHL,2022,2322424750.131
CHL,2023,2248670420.426
CHL,2024,2358948244.716
CHN,2014,17752094502.0
CHN,2015,19226077793.0
CHN,2016,20771374390.0
CHN,2017,25364914055.0
CHN,2018,27931121390.0
CHN,2019,33605325868.0
CHN,2020,34915064567.0
CHN,2021,41862452119.0
CHN,2022,39908669697.0
CHN,2023,43076716948.0
CHN,2024,42354718174.0
CIV,2014,385769625.788
CIV,2015,296792915.98
CIV,2016,416443423.741
CIV,2017,345240419.672
CIV,2018,384801309.633
CIV,2019,370369682.747
CIV,2020,399642987.99
CIV,2021,494476820.396
CIV,2022,481674079.916
CIV,2023,478116835.236
CIV,2024,531106953.547
CMR,2014,240126285.0
CMR,2015,220367668.0
CMR,2016,185362172.0
CMR,2017,226878918.084
CMR,2018,239446096.42
CMR,2019,219559267.487
CMR,2020,231390019.42
CMR,2021,339232048.88
CMR,2022,268051965.84
CMR,2023,276995424.661
COD,2015,311640841.309
COD,2016,319631878.627
COD,2017,194538960.369
COD,2018,211014471.777
COD,2019,510107269.432
COD,2020,171533439.557
COD,2021,261589929.298
COD,2022,237187286.8
COD,2023,301927234.68
COG,2014,89986048.24
COG,2015,78809905.242
COG,2016,69404291.616
COG,2017,65205615.15
COG,2018,66655102.317
COG,2019,67053911.59
COG,2020,69171743.26
COG,2021,80852074.75
COG,2022,84384290.513
COG,2023,78429085.263
COL,2014,2382078918.0
COL,2015,2332117673.0
COL,2016,2108504020.0
COL,2017,2191162239.07
COL,2018,2394105174.75
COL,2019,2658625325.99
COL,2020,2505360921.44
COL,2021,3914477010.35
COL,2022,3510865200.62
COL,2023,3659663545.93
COL,2024,3855610294.05
COM,2014,3949162.924
COM,2015,7366521.693
COM,2016,2111475.859
COM,2017,3165918.9
COM,2018,3436805.839
COM,2019,2763416.325
COM,2020,4348799.858
COM,2021,3824084.63
COM,2022,3580848.554
COM,2023,4285838.496
CPV,2014,10387309.983
CPV,2015,7739627.378
CPV,2016,9730222.0
CPV,2017,10600426.435
CPV,2018,12441884.52
CPV,2019,13840747.557
CPV,2020,11583827.136
CPV,2021,16363282.748
CPV,2022,14006201.761
CPV,2023,15571832.958
CPV,2024,18548168.216
CRI,2014,629955459.0
CRI,2015,671207049.0
CRI,2016,718560592.0
CRI,2017,809971235.755
CRI,2018,776942194.44
CRI,2019,818632177.83
CRI,2020,845922445.55
CRI,2021,905026950.27
CRI,2022,1028252678.879
CRI,2023,1037178242.36
CRI,2024,1122112894.2
CUB,2016,128085317.33
CUB,2017,141092722.73
CUB,2018,146963310.26
CUB,2019,139052143.49
CUB,2020,113087472.8
CUB,2021,124508368.6
CUB,2022,134337000.0
CUW,2017,54214465.742
CUW,2018,56020955.564
CUW,2019,54629392.869
CUW,2020,53591096.418
CYM,2015,7461708.0
CYM,2020,24613539.4
CYM,2021,32464135.548
CYM,2022,36244041.212
CYM,2023,38706890.046
CYM,2024,37246898.538
CYP,2014,253389326.643
CYP,2015,209441305.562
CYP,2016,217807760.635
CYP,2017,241747222.054
CYP,2018,278467296.322
CYP,2019,310018181.476
CYP,2020,370370747.93
CYP,2021,400048098.999
CYP,2022,425981856.005
CYP,2023,511058693.818
CYP,2024,551066109.606
CZE,2014,4522249182.0
CZE,2015,4022002530.0
CZE,2016,4173179588.0
CZE,2017,4542347389.0
CZE,2018,5159320377.0
CZE,2019,5445414877.0
CZE,2020,5943348127.0
CZE,2021,7309000528.0
CZE,2022,7043096824.0
CZE,2023,7438791209.0
CZE,2024,7886589924.0
DEU,2014,49293262755.467
DEU,2015,45670789181.666
DEU,2016,48746257753.984
DEU,2017,51815491708.927
DEU,2018,58019211973.751
DEU,2019,59494712248.813
DEU,2020,67148114627.369
DEU,2021,80659697653.327
DEU,2022,82072904439.491
DEU,2023,75490736637.068
DEU,2024,76398347864.045
DJI,2021,31307443.419
DJI,2022,28055358.829
DJI,2023,26856135.347
DMA,2016,2526629.325
DMA,2017,2505860.275
DMA,2018,2423134.305
DMA,2019,3394829.839
DMA,2020,3347088.134
DMA,2021,3551737.559
DMA,2022,4015448.577
DMA,2023,5282570.273
DNK,2014,4649977744.0
DNK,2015,3809358942.0
DNK,2016,3773258488.527
DNK,2017,4098352034.436
DNK,2018,4482448337.354
DNK,2019,4453453302.416
DNK,2020,5333087423.098
DNK,2021,6676981903.576
DNK,2022,5451087916.057
DNK,2023,5493107113.391
DNK,2024,6759334826.015
DOM,2014,545021468.857
DOM,2015,574706230.263
DOM,2016,630658158.691
DOM,2017,620043394.347
DOM,2018,621708851.507
DOM,2019,681627083.681
DOM,2020,696432019.391
DOM,2021,2261506294.443
DOM,2022,911771955.439
DOM,2023,1054120857.751
DOM,2024,1013110797.482
DZA,2014,2523522689.0
DZA,2015,1977650358.0
DZA,2016,2022699503.0
DZA,2017,1892866531.15
ECU,2014,1086356201.0
ECU,2015,1096291263.0
ECU,2016,946395244.0
ECU,2017,990707897.48
ECU,2018,981881233.29
ECU,2019,969360394.872
ECU,2020,1055140589.76
ECU,2021,1479241121.481
ECU,2022,1299103431.6
ECU,2023,1331742280.5
ECU,2024,1189366360.49
EGY,2014,1889132452.0
EGY,2015,2262318758.304
EGY,2016,2220700272.132
EGY,2017,2195168117.042
EGY,2018,2308502380.169
EGY,2019,2546425490.658
EGY,2020,2820119337.479
EGY,2021,4036013130.794
EGY,2022,3844145935.913
EGY,2023,3636312527.408
EGY,2024,3520865678.086
ESP,2014,15384944517.572
ESP,2015,14676848300.5
ESP,2016,13918349458.626
ESP,2017,14141498392.313
ESP,2018,15790757801.475
ESP,2019,15688985919.112
ESP,2020,16931502446.749
ESP,2021,24675679542.725
ESP,2022,23785068045.046
ESP,2023,22431620037.92
ESP,2024,22719644764.551
EST,2014,445566161.0
EST,2015,404845591.0
EST,2016,469832183.409
EST,2017,495167979.797
EST,2018,585191746.846
EST,2019,579545383.628
EST,2020,639103926.35
EST,2021,786830629.27
EST,2022,759750737.41
EST,2023,804233082.04
EST,2024,890232449.46
ETH,2014,383629557.513
ETH,2015,606481896.9
ETH,2016,667115752.662
ETH,2017,545759811.609
ETH,2018,690650884.117
ETH,2019,636669874.96
ETH,2020,578780072.4
ETH,2021,812070680.41
ETH,2022,786745995.306
ETH,2023,676698910.518
FIN,2014,2458187708.0
FIN,2015,2198839844.0
FIN,2016,2166499428.0
FIN,2017,2115022704.053
FIN,2018,2293094850.319
FIN,2019,2194399881.123
FIN,2020,2377431137.704
FIN,2021,2674859835.007
FIN,2022,2573210956.451
FIN,2023,2576139030.56
FIN,2024,2558992984.086
FJI,2014,32846023.0
FJI,2015,23765372.361
FJI,2016,28586772.823
FJI,2017,31908514.354
FJI,2018,34557013.694
FJI,2019,30084593.989
FJI,2020,33147385.681
FJI,2021,47756639.004
FJI,2022,49093934.247
FJI,2023,47455634.211
FJI,2024,36793937.947
FRA,2014,27851925845.0
FRA,2015,22194409035.0
FRA,2016,22067812927.0
FRA,2017,23117658808.649
FRA,2018,25246928632.178
FRA,2019,25187821943.168
FRA,2020,30677734161.011
FRA,2021,34029526415.017
FRA,2022,32580780153.524
FRA,2023,36607397772.438
FRA,2024,33070488569.112
GAB,2014,104254477.31
GAB,2015,79889764.487
GAB,2016,106666571.24
GAB,2017,89516719.145
GAB,2018,97453993.255
GAB,2019,91194536.951
GAB,2020,99261627.428
GAB,2021,104988908.489
GAB,2022,106040293.095
GAB,2023,110952498.61
GBR,2014,33727712249.0
GBR,2015,33744349262.0
GBR,2016,32754072887.0
GBR,2017,33093224013.21
GBR,2018,30268870062.679
GBR,2019,27996207774.748
GBR,2020,26106398888.429
GBR,2021,26947380227.619
GBR,2022,32882658985.069
GBR,2023,27348400605.44
GBR,2024,29763956211.215
GEO,2014,364796688.16
GEO,2015,352242057.41
GEO,2016,367671548.83
GEO,2017,391134149.09
GEO,2018,385200580.77
GEO,2019,409393341.36
GEO,2020,395354755.54
GEO,2021,525900525.5
GEO,2022,483513467.882
GEO,2023,651010653.913
GEO,2024,755084879.068
GHA,2014,281203396.441
GHA,2015,384123645.608
GHA,2016,154964417.0
GHA,2017,272063324.489
GHA,2018,282741876.758
GHA,2019,226571631.88
GHA,2021,333767118.694
GHA,2022,269352057.948
GHA,2023,273197195.364
GIN,2014,94813207.0
GIN,2015,125820397.0
GIN,2016,177444074.24
GMB,2014,8063347.297
GMB,2015,7385642.106
GMB,2016,6808807.467
GMB,2017,5096094.595
GMB,2018,5272063.539
GMB,2019,5258761.104
GMB,2020,4779592.917
GMB,2021,7234043.29
GMB,2022,8538248.757
GMB,2023,7718259.735
GMB,2024,6473527.656
GNB,2014,2444613.268
GNB,2015,2025167.255
GNB,2016,2054724.002
GNB,2017,1296890.063
GNB,2018,3056908.327
GRC,2014,3464868404.0
GRC,2015,2980909572.0
GRC,2016,3026552409.0
GRC,2017,3282476266.349
GRC,2018,3352418519.994
GRC,2019,3085580371.259
GRC,2020,3540917695.13
GRC,2021,4255121495.562
GRC,2022,4173361866.97
GRC,2023,4377722408.193
GRC,2024,4294701556.693
GRD,2014,5733487.6
GRD,2015,9451795.733
GRD,2016,6195947.878
GRD,2017,5383844.987
GRD,2018,6853423.147
GRD,2019,7002662.412
GRD,2020,9389044.455
GRD,2021,9050739.25
GRD,2022,7862021.103
GRD,2023,10412335.277
GRD,2024,9267508.894
GRL,2014,18667174.27
GRL,2015,19200776.58
GRL,2016,15296852.9
GRL,2017,16138660.17
GRL,2018,17853199.48
GTM,2014,584846086.0
GTM,2015,677284580.0
GTM,2016,633475823.0
GTM,2017,615385143.0
GTM,2018,656498804.0
GTM,2019,665888248.0
GTM,2020,687214804.0
GTM,2021,919957816.0
GTM,2022,1100196376.0
GTM,2023,991227648.0
GTM,2024,1120442042.0
GUY,2014,25089276.0
GUY,2015,24267444.855
GUY,2016,13321488.0
GUY,2017,51123262.911
GUY,2018,32665984.81
GUY,2019,31797982.955
GUY,2020,15829022.709
GUY,2021,45468423.922
GUY,2022,35469074.331
GUY,2023,29461166.507
GUY,2024,34475015.816
HKG,2014,2141471607.0
HKG,2015,2372118663.456
HKG,2016,2475943569.523
HKG,2017,2670007872.357
HKG,2018,2908108937.961
HKG,2019,2785533923.936
HKG,2020,2867283943.74
HKG,2021,2981880991.62
HKG,2022,4180051868.277
HKG,2023,3786510407.173
HKG,2024,3657300797.317
HND,2014,350318718.0
HND,2015,405580169.0
HND,2016,458044606.0
HND,2017,413608458.97
HND,2018,496918194.13
HND,2019,507883642.19
HND,2020,519555239.19
HND,2021,684307836.33
HND,2023,771162023.92
HND,2024,757104313.51
HRV,2014,858484000.0
HRV,2015,843866247.0
HRV,2016,1270403644.0
HRV,2017,1126584767.0
HRV,2018,1311388637.0
HRV,2019,1415404628.0
HRV,2020,1783652242.0
HRV,2021,1799442952.0
HRV,2022,1749108844.0
HRV,2023,1845814892.0
HRV,2024,2059517150.0
HUN,2014,3876532137.0
HUN,2015,3887408026.0
HUN,2016,3820366617.0
HUN,2017,4175404304.0
HUN,2018,5159372635.0
HUN,2019,4869129942.0
HUN,2020,6062406415.0
HUN,2021,5925626881.0
HUN,2022,5147406857.0
HUN,2023,6079609309.0
HUN,2024,8014876905.0
IDN,2014,710231987.0
IDN,2015,739008378.0
IDN,2016,801788557.0
IDN,2017,924523906.0
IDN,2018,990531103.0
IDN,2019,912232257.0
IDN,2020,1158791394.0
IDN,2021,4359646188.0
IDN,2022,1511567183.0
IDN,2023,1278852361.0
IDN,2024,1296153251.0
IDN,2025,742761474.28
IND,2014,1631153579.0
IND,2015,1618037595.0
IND,2016,1697797871.0
IND,2017,1809322574.626
IND,2018,2064096677.747
IND,2019,2525996360.032
IND,2020,2477412233.658
IND,2021,3297325337.413
IND,2022,2730438575.194
IND,2023,2602354853.94
IND,2024,2797481201.604
IRL,2014,5133720037.495
IRL,2015,5554998172.358
IRL,2016,6015444776.814
IRL,2017,9430695326.603
IRL,2018,12784477756.835
IRL,2019,7611690293.46
IRL,2020,9269236396.029
IRL,2021,10960263090.119
IRL,2022,11629991854.137
IRL,2023,13449100670.884
IRL,2024,16616214684.329
IRN,2014,1534780349.31
IRN,2015,1444181129.0
IRN,2016,1456460462.86
IRN,2017,1568905741.0
IRN,2018,1577328278.0
IRN,2019,1346962388.0
IRN,2020,1238564653.0
IRN,2021,1925289402.0
IRN,2022,1920877210.0
IRQ,2014,1403113272.0
ISL,2014,140285268.0
ISL,2015,122430167.0
ISL,2016,161716597.0
ISL,2017,150851744.535
ISL,2018,169983563.327
ISL,2019,159316114.183
ISL,2020,187220748.386
ISL,2021,239435167.99
ISL,2022,234123290.323
ISL,2023,238692823.938
ISL,2024,266744912.089
ISR,2014,1898996000.0
ISR,2015,1915673000.0
ISR,2016,2006524000.0
ISR,2017,2171408000.0
ISR,2018,2433621000.0
ISR,2019,2770865000.0
ISR,2020,3309843000.0
ISR,2021,3663550000.0
ISR,2022,3610044000.0
ISR,2023,3545165000.0
ISR,2024,3631190000.0
ITA,2014,21543741450.0
ITA,2015,20628186915.215
ITA,2016,21338026827.602
ITA,2017,23481446765.524
ITA,2018,26823186226.092
ITA,2019,27210952253.999
ITA,2020,28544856164.579
ITA,2021,30829217951.172
ITA,2022,34710077621.661
ITA,2023,32730945644.734
ITA,2024,32097757388.996
JAM,2014,145999694.511
JAM,2015,152756078.0
JAM,2016,149106466.0
JAM,2017,191236965.17
JAM,2018,166336777.51
JAM,2019,165744545.901
JAM,2020,169734400.43
JAM,2021,177022192.17
JAM,2022,194545628.18
JAM,2023,197666345.69
JOR,2014,514445742.0
JOR,2015,542738579.0
JOR,2016,589329924.0
JOR,2017,557229140.962
JOR,2018,579770031.611
JOR,2019,550838015.676
JOR,2020,604999060.853
JOR,2021,703667541.354
JOR,2022,684331359.299
JOR,2023,775230180.928
JOR,2024,827687414.7
JPN,2014,19899056571.0
JPN,2015,23186439974.0
JPN,2016,24387663582.0
JPN,2017,22450540870.034
JPN,2018,25676381894.217
JPN,2019,27321972362.975
JPN,2020,28641622388.973
JPN,2021,37288913304.114
JPN,2022,39038229698.707
JPN,2023,30825491903.736
JPN,2024,30222527972.576
JPN,2025,31149599443.085
KAZ,2014,1420263076.0
KAZ,2015,1222661849.0
KAZ,2016,961213685.0
KAZ,2017,1085415907.88
KAZ,2018,1185147037.68
KAZ,2019,1156638164.23
KAZ,2020,1554587033.517
KAZ,2021,1711356035.596
KAZ,2022,1862688120.87
KAZ,2023,1951719973.21
KAZ,2024,2342986981.0
KEN,2015,605722761.98
KEN,2016,574673385.53
KEN,2017,518406641.774
KEN,2018,558596712.391
KEN,2019,557236360.05
KEN,2020,690230614.251
KEN,2021,776758899.425
KEN,2022,757889350.88
KEN,2023,612456005.923
KEN,2024,705193931.609
KGZ,2014,199363208.0
KGZ,2015,147833067.0
KGZ,2016,117059685.0
KGZ,2017,181584275.0
KGZ,2018,163232660.0
KGZ,2019,189172242.0
KGZ,2020,195490172.0
KGZ,2021,189776080.0
KGZ,2022,238499154.0
KGZ,2023,231591857.0
KGZ,2024,238369478.0
KHM,2014,153137713.0
KHM,2015,164323325.0
KHM,2016,167019000.0
KHM,2017,183390390.68
KHM,2018,200181846.71
KHM,2019,231040980.39
KHM,2020,241611033.26
KHM,2021,311903554.64
KHM,2022,368396704.7
KHM,2023,339194569.69
KHM,2024,267397327.71
KIR,2014,681094.801
KIR,2015,842655.918
KIR,2016,754434.82
KIR,2017,493798.628
KIR,2018,1093430.889
KIR,2020,512446.902
KIR,2021,429873.601
KNA,2014,3101686.0
KNA,2015,3186748.873
KNA,2016,3917586.216
KNA,2017,4220858.024
KOR,2014,4841305206.0
KOR,2015,4761164558.0
KOR,2016,5531105657.0
KOR,2017,5604320793.0
KOR,2018,6496338496.0
KOR,2019,7093611497.0
KOR,2020,7996857197.0
KOR,2021,10450088192.0
KOR,2022,10995436146.0
KOR,2023,9952802780.0
KOR,2024,9471990098.0
KWT,2014,961836075.0
KWT,2015,1084692686.402
KWT,2016,1138553162.631
KWT,2017,1365661815.75
KWT,2018,1326662066.0
KWT,2019,1390645844.0
KWT,2020,1591148446.0
KWT,2021,1665824378.0
KWT,2022,1590214562.422
KWT,2023,1881029378.0
KWT,2024,2327119021.0
LAO,2014,25914910.0
LAO,2015,25288715.0
LAO,2016,17128621.0
LAO,2017,21503382.0
LAO,2018,28228825.0
LAO,2019,31838686.02
LAO,2020,31671194.31
LAO,2021,78943097.14
LAO,2022,61388119.11
LAO,2023,32974805.01
LBN,2014,1140674040.0
LBN,2015,1125406020.079
LBN,2016,1213949428.0
LBN,2017,1287910358.0
LBN,2018,1329246319.0
LBN,2019,1242450570.3
LBN,2020,1184268400.0
LBN,2021,900232422.0
LBN,2022,551818309.0
LBN,2023,621245298.0
LBN,2024,736677656.0
LBR,2017,36752826.0
LBR,2018,29009674.04
LBR,2019,28167727.66
LBR,2020,39904587.13
LBR,2021,64809606.28
LBR,2022,34745675.85
LBR,2023,25184540.77
LBY,2016,319873029.0
LBY,2017,343885984.892
LBY,2018,542717669.258
LBY,2019,390655925.0
LCA,2014,6468880.0
LCA,2015,6962582.0
LCA,2016,10434132.0
LCA,2017,10827959.568
LCA,2018,14722382.54
LCA,2019,8834613.01
LCA,2020,9146397.81
LKA,2014,332962867.0
LKA,2015,401746279.0
LKA,2016,449829723.0
LKA,2017,435133495.227
LKA,2019,449808878.994
LKA,2020,496693011.309
LKA,2021,814940178.47
LKA,2022,448318771.99
LKA,2023,562854000.278
LKA,2024,452631031.227
LSO,2014,19802299.888
LSO,2015,25956647.096
LSO,2016,48668371.705
LSO,2017,44284114.105
LSO,2018,35898698.272
LSO,2019,48876614.101
LSO,2020,51151544.346
LSO,2021,40367941.044
LSO,2022,40262257.395
LSO,2023,28605259.952
LSO,2024,33602698.571
LTU,2014,1053072068.0
LTU,2015,1070924166.0
LTU,2016,1062171992.99
LTU,2017,1141916243.0
LTU,2018,1194620266.0
LTU,2019,1390448470.0
LTU,2020,1466667549.0
LTU,2021,1613170735.0
LTU,2022,1601166771.0
LTU,2023,1776082854.0
LTU,2024,1928015150.0
LUX,2014,473174953.0
LUX,2015,413512965.0
LUX,2016,440697940.0
LUX,2017,475744691.577
LUX,2018,529995687.551
LUX,2019,529315025.598
LUX,2020,568977153.197
LUX,2021,624801826.1
LUX,2022,656005708.354
LUX,2023,741044483.532
LUX,2024,836044682.854
LVA,2014,643102093.148
LVA,2015,563260887.188
LVA,2016,624233497.1
LVA,2017,666586185.142
LVA,2018,701406345.147
LVA,2019,722728780.716
LVA,2020,757657780.782
LVA,2021,928364476.871
LVA,2022,932251458.77
LVA,2023,984810190.461
LVA,2024,1012300483.098
MAC,2014,195778335.223
MAC,2015,235055226.0
MAC,2016,229450032.0
MAC,2017,219757032.784
MAC,2018,231130392.054
MAC,2019,298629177.247
MAC,2020,304619504.969
MAC,2021,402479135.987
MAC,2022,440532713.374
MAC,2023,465496392.657
MAC,2024,493560365.091
MAR,2014,582689809.0
MAR,2015,516640575.788
MAR,2016,556909378.0
MAR,2017,590705427.401
MAR,2018,626933338.782
MAR,2019,668870223.822
MAR,2020,752973483.25
MAR,2021,1427338794.05
MAR,2022,822817454.503
MAR,2023,889095684.397
MAR,2024,1073434728.416
MDA,2014,269590488.0
MDA,2015,187810222.0
MDA,2016,183973695.0
MDA,2017,223702861.0
MDA,2018,244873813.0
MDA,2019,275363698.0
MDA,2020,255910026.0
MDA,2021,334009445.0
MDA,2022,277124632.0
MDA,2023,300176890.0
MDA,2024,323785538.0
MDG,2014,103573592.331
MDG,2015,97290478.18
MDG,2016,113319345.058
MDG,2017,106918540.838
MDG,2018,124686721.872
MDG,2019,147293225.719
MDG,2020,139474672.481
MDG,2021,162555159.369
MDG,2022,178774652.257
MDG,2023,172644542.19
MDG,2024,192541868.477
MDV,2014,16871112.0
MDV,2015,20277596.0
MDV,2016,20272597.0
MDV,2017,26227612.778
MDV,2018,31877424.624
MDV,2019,36117134.4
MDV,2020,42343483.451
MDV,2021,57223993.453
MDV,2022,54217312.26
MDV,2023,52579269.562
MDV,2024,48017317.776
MEX,2014,4938808543.0
MEX,2015,4804125675.0
MEX,2016,4142724082.0
MEX,2017,4241619143.0
MEX,2018,4649534323.0
MEX,2019,4809350913.0
MEX,2020,4993474611.0
MEX,2021,6009355111.0
MEX,2022,6252206460.0
MEX,2023,7727470135.0
MEX,2024,8816912366.0
MKD,2014,171620533.0
MKD,2015,141220270.95
MKD,2016,156553770.19
MKD,2017,166407559.9
MKD,2018,214143619.52
MKD,2019,198752932.9
MKD,2020,234243597.83
MKD,2021,290225285.83
MKD,2022,223652938.49
MKD,2023,277127431.589
MKD,2024,290053698.03
MLI,2016,155200213.0
MLI,2017,243109381.781
MLI,2018,208241231.14
MLI,2019,204138103.94
MLI,2020,224930107.78
MLI,2021,278656906.234
MLI,2022,265262240.937
MLI,2023,238309649.239
MLT,2014,158098154.0
MLT,2015,143779478.0
MLT,2016,157527804.0
MLT,2017,209311704.182
MLT,2018,287418538.494
MLT,2019,268182142.369
MLT,2020,331360730.574
MLT,2021,385515268.511
MLT,2022,373419818.199
MLT,2023,413842219.288
MLT,2024,518848797.607
MMR,2014,287025185.215
MMR,2015,289118702.275
MMR,2016,344087301.37
MMR,2017,525896585.586
MMR,2018,549650134.798
MMR,2019,560118967.389
MMR,2020,592481639.69
MMR,2021,533397254.353
MMR,2022,603960938.509
MMR,2023,407821848.955
MMR,2024,340928599.24
MNE,2014,75804595.0
MNE,2015,71078415.0
MNE,2016,69076695.694
MNE,2017,82032291.354
MNE,2018,99125305.648
MNE,2019,115402137.2
MNE,2020,128314972.081
MNE,2021,181241188.843
MNE,2022,158139917.792
MNE,2023,200241775.956
MNE,2024,224741861.631
MNG,2014,80210607.0
MNG,2015,73777657.0
MNG,2016,90873918.0
MNG,2017,94394189.15
MNG,2018,118075269.12
MNG,2019,107886667.33
MNG,2020,117951965.1
MNG,2021,284108907.89
MNG,2022,176078354.623
MNG,2023,168264440.376
MOZ,2014,171195470.0
MOZ,2015,315672232.76
MOZ,2016,197952395.22
MOZ,2017,205114330.651
MOZ,2018,200082666.913
MOZ,2019,210967067.796
MOZ,2020,286401577.964
MOZ,2021,302550118.858
MOZ,2022,286084610.912
MOZ,2023,296112000.0
MOZ,2024,211483836.0
MRT,2014,32438556.0
MRT,2015,27826220.55
MRT,2016,24723518.0
MRT,2017,29944745.232
MRT,2018,47369219.28
MRT,2019,36950086.99
MRT,2020,42551721.576
MRT,2021,259059077.96
MRT,2022,71085716.132
MRT,2023,131713476.244
MRT,2024,109406248.602
MSR,2014,236532.0
MSR,2015,223601.399
MSR,2016,208008.473
MSR,2017,166108.119
MSR,2018,438220.865
MSR,2019,226099.77
MSR,2020,240006.664
MSR,2021,489096.133
MSR,2022,418358.459
MSR,2023,875545.314
MSR,2024,363075.477
MUS,2014,115676293.0
MUS,2015,114209041.0
MUS,2016,121535010.647
MUS,2017,120434506.513
MUS,2018,136602428.336
MUS,2019,150796937.299
MUS,2020,154410886.541
MUS,2021,243137581.646
MUS,2022,173136655.697
MUS,2023,187802401.742
MUS,2024,183104534.047
MWI,2014,242920376.92
MWI,2015,189871292.627
MWI,2016,224954884.343
MWI,2017,173545467.875
MWI,2018,131126422.323
MWI,2019,173149157.698
MWI,2020,160058312.87
MWI,2021,247949138.541
MWI,2022,63087234.843
MWI,2023,169052700.83
MWI,2024,165000952.984
MYS,2014,1526843688.0
MYS,2015,1357113463.0
MYS,2016,1300988801.0
MYS,2017,1280051176.309
MYS,2018,1486980103.327
MYS,2019,1646547663.057
MYS,2020,1740858562.832
MYS,2021,2738273929.283
MYS,2022,2215440542.037
MYS,2023,2300898610.336
MYS,2024,2402526769.574
NAM,2014,157732075.0
NAM,2015,146804675.0
NAM,2016,162680270.0
NAM,2017,145296699.725
NAM,2018,157383021.215
NAM,2019,160499911.817
NAM,2020,150892359.894
NAM,2021,203322308.023
NAM,2022,166474223.32
NAM,2023,137952979.18
NAM,2024,164287706.814
NCL,2014,101966654.0
NCL,2015,100601424.0
NER,2014,69213439.0
NER,2015,53278100.0
NER,2016,62644551.685
NER,2017,73703057.879
NER,2018,71193838.67
NER,2019,108266406.269
NER,2020,260329768.515
NER,2021,128803985.994
NER,2022,103184154.326
NER,2023,92645691.236
NER,2024,128519263.27
NGA,2014,414979709.0
NGA,2015,428289491.35
NGA,2016,503610681.0
NGA,2017,389113124.162
NGA,2018,606311172.762
NGA,2019,1452811110.66
NGA,2020,2968808147.449
NGA,2021,1360086553.711
NGA,2022,1056653305.255
NGA,2023,756630714.65
NGA,2024,642977519.17
NIC,2014,347082211.0
NIC,2015,410297966.0
NIC,2016,415940641.85
NIC,2017,458176422.21
NIC,2018,375550687.43
NIC,2019,361686801.09
NIC,2020,388686432.27
NIC,2021,524522161.05
NIC,2022,503888219.45
NIC,2023,501178540.06
NIC,2024,550872142.8
NLD,2014,19324111031.041
NLD,2015,14432215955.997
NLD,2016,15425556712.563
NLD,2017,15216324640.863
NLD,2018,16695505679.665
NLD,2019,18325956905.502
NLD,2020,21323213949.668
NLD,2021,25588419773.05
NLD,2022,24197156870.981
NLD,2023,24016959696.953
NLD,2024,22093363230.232
NOR,2014,2087339600.0
NOR,2015,1805451818.647
NOR,2016,1887065001.0
NOR,2017,2328264403.339
NOR,2018,2388031073.051
NOR,2019,2233406136.309
NOR,2020,2363485352.216
NOR,2021,2924447186.484
NOR,2022,2715635742.233
NOR,2023,2581039287.49
NOR,2024,3034325970.5
NOR,2025,3309517913.549
NPL,2014,183866638.0
NPL,2015,263593986.0
NPL,2016,232394177.368
NPL,2017,238728408.884
NPL,2018,278656117.58
NPL,2019,261111353.42
NPL,2020,216056795.17
NPL,2021,523589837.37
NPL,2022,436607394.058
NZL,2014,936637056.546
NZL,2015,868732023.548
NZL,2016,922531455.963
NZL,2017,943288155.053
NZL,2018,1008869678.257
NZL,2019,962287228.182
NZL,2020,993694958.864
NZL,2021,1421205710.054
NZL,2022,1655209352.367
NZL,2023,1493558455.134
NZL,2024,1419646139.918
OMN,2014,395615295.994
OMN,2015,425071953.941
OMN,2016,378443981.545
OMN,2017,459143342.292
OMN,2018,469007918.778
OMN,2019,503514147.141
OMN,2020,554627281.683
OMN,2021,565008904.187
OMN,2022,586493174.635
OMN,2023,670293676.454
PAK,2014,745739792.0
PAK,2015,677541378.0
PAK,2016,715234047.0
PAK,2017,787013682.656
PAK,2018,878301388.74
PAK,2019,797034297.039
PAK,2020,781483631.891
PAK,2021,3781283188.361
PAK,2022,1261731532.033
PAK,2023,719168390.783
PAK,2024,773743536.154
PAN,2014,1509688636.0
PAN,2015,1594580288.0
PAN,2016,1829842760.0
PAN,2017,1610782091.0
PAN,2018,2299835982.0
PAN,2019,1878386322.0
PAN,2020,1765414148.0
PAN,2021,774288764.0
PAN,2022,817524109.0
PAN,2023,752007283.0
PAN,2024,824555463.0
PER,2014,713605497.88
PER,2015,944851954.97
PER,2016,770195026.74
PER,2017,776969697.47
PER,2018,871987127.99
PER,2019,960056964.56
PER,2020,1079145130.49
PER,2021,1208308917.61
PER,2022,1151851342.501
PER,2023,1088132939.04
PER,2024,1143103130.146
PHL,2014,1004680248.0
PHL,2015,1237494373.0
PHL,2016,1429908408.0
PHL,2017,1685562363.0
PHL,2018,1638387393.75
PHL,2019,1821922680.0
PHL,2020,1772237939.0
PHL,2021,3700962721.0
PHL,2022,2703677089.0
PHL,2023,2351755472.0
PHL,2024,2325846847.0
PLW,2014,2669330.0
PLW,2015,1511432.0
PLW,2016,3348227.0
PLW,2017,3080808.66
PLW,2018,3576450.08
PNG,2019,70981495.359
PNG,2020,50640439.986
PNG,2021,58770930.005
PNG,2022,68835007.521
PNG,2023,65541626.972
POL,2014,5913377706.0
POL,2015,5095089338.0
POL,2016,5471523596.0
POL,2017,6288731205.0
POL,2018,7507578220.0
POL,2019,6469240586.0
POL,2020,8499464644.0
POL,2021,8295299527.0
POL,2022,10361399332.0
POL,2023,11329017440.0
POL,2024,14270458095.0
PRT,2014,2697236404.0
PRT,2015,2497422833.3
PRT,2016,2565726279.893
PRT,2017,2613877496.406
PRT,2018,3162368221.317
PRT,2019,2949362882.449
PRT,2020,3239042235.74
PRT,2021,3767371312.557
PRT,2022,3756071971.177
PRT,2023,3797528348.166
PRT,2024,4062006822.38
PRY,2014,191290670.0
PRY,2015,202911492.0
PRY,2016,233633742.0
PRY,2017,206798609.0
PRY,2018,241115130.0
PRY,2019,263367576.0
PRY,2020,276268347.0
PRY,2021,396307893.0
PRY,2022,431926633.98
PRY,2023,485805585.054
PRY,2024,462436897.22
PRY,2025,546204502.691
PSE,2014,115374091.0
PSE,2015,145230600.0
PSE,2016,123710209.0
PSE,2017,139329641.429
PSE,2018,172716564.514
PSE,2019,286892450.71
PSE,2020,204618399.34
PSE,2021,330922946.41
PSE,2022,256493395.985
PSE,2023,234926324.992
PYF,2014,82132737.0
PYF,2015,70619985.0
PYF,2016,77011667.49
PYF,2017,81859355.902
PYF,2018,91737132.419
PYF,2019,90295580.816
PYF,2020,95025645.891
PYF,2021,116331718.823
PYF,2022,104563623.585
PYF,2023,94566518.659
PYF,2024,99878981.192
QAT,2014,433466565.0
QAT,2015,511183586.746
QAT,2016,536315204.203
QAT,2017,575664898.519
QAT,2018,664750477.901
QAT,2019,638882355.25
QAT,2020,727660475.03
QAT,2021,859369694.211
QAT,2022,973743598.374
QAT,2023,928666352.497
QAT,2024,1134795138.399
ROU,2014,3485163394.0
ROU,2015,2876121989.0
ROU,2016,3038220078.0
ROU,2017,3330903014.67
ROU,2018,3528325351.17
ROU,2019,3825695827.36
ROU,2020,4233308439.14
ROU,2021,4820163072.95
ROU,2022,4751173613.58
ROU,2023,5469396185.48
ROU,2024,6578181814.95
RUS,2014,12804389983.0
RUS,2015,8691483707.0
RUS,2016,8908879228.45
RUS,2017,10840888708.79
RUS,2018,10581331864.51
RUS,2019,14078326331.66
RUS,2020,10806627923.007
RUS,2021,13779230193.473
RWA,2014,96422252.482
RWA,2015,87527279.598
RWA,2016,94669245.623
RWA,2017,106759077.797
RWA,2018,85281394.554
RWA,2019,102503070.01
RWA,2020,108848544.46
RWA,2021,115747410.7
RWA,2022,98250358.96
S19,2014,2656992435.0
S19,2015,2812992168.0
S19,2016,2952930052.0
S19,2017,3414817494.06
S19,2018,3859740454.08
S19,2019,4261283168.81
S19,2020,4435105643.545
S19,2021,5296588459.567
S19,2022,7284825352.62
S19,2023,5743449116.315
S19,2024,5706937619.082
SAU,2014,5297595890.0
SAU,2015,5697402938.772
SAU,2016,5152327240.401
SAU,2017,5303693042.293
SAU,2018,5575475540.668
SAU,2019,5366889184.228
SAU,2020,5682366858.741
SAU,2021,6929545297.161
SAU,2022,7319684333.808
SAU,2023,7775489724.813
SAU,2024,9146103050.814
SDN,2014,478511419.15
SDN,2015,501779828.0
SDN,2016,469344534.0
SDN,2017,508014949.0
SDN,2018,406979465.0
SEN,2014,198451988.0
SEN,2015,180297041.0
SEN,2016,178669153.0
SEN,2017,212936710.71
SEN,2018,243730796.22
SEN,2019,265028085.333
SEN,2020,281113927.76
SEN,2021,339057970.858
SEN,2022,311182222.012
SEN,2023,333942654.432
SEN,2024,353469734.432
SGP,2014,2169237119.476
SGP,2015,2234744043.127
SGP,2016,2334317800.511
SGP,2017,2494956250.045
SGP,2018,2931555640.644
SGP,2019,3190238119.445
SGP,2020,3604153685.051
SGP,2021,4449858055.784
SGP,2022,5180571629.767
SGP,2023,4351997743.134
SGP,2024,5748945483.256
SLB,2014,5852054.495
SLB,2015,5320576.0
SLB,2016,9617411.0
SLB,2017,4725180.816
SLB,2018,4270738.855
SLE,2014,37083358.0
SLE,2015,34272504.0
SLE,2016,45799661.0
SLE,2017,18455070.488
SLE,2018,24173609.39
SLV,2014,305784723.36
SLV,2015,344712638.7
SLV,2016,353400753.0
SLV,2017,347384422.24
SLV,2018,347514700.97
SLV,2019,416901650.98
SLV,2020,419689916.11
SLV,2021,617348120.33
SLV,2022,577435797.95
SLV,2023,580668716.76
SLV,2024,651739415.63
SRB,2014,673001271.0
SRB,2015,609997059.0
SRB,2016,596512071.0
SRB,2017,743377379.0
SRB,2018,833861184.0
SRB,2019,950228848.0
SRB,2020,1235138576.0
SRB,2021,1477772998.0
SRB,2022,1565846518.0
SRB,2023,1543263109.0
SRB,2024,1697325107.0
STP,2014,775158.0
STP,2015,582754.0
STP,2016,727919.0
STP,2017,1096314.508
STP,2018,1125399.188
STP,2019,2527598.55
STP,2020,1422518.891
STP,2021,1787641.78
STP,2022,1552407.07
STP,2023,1456746.749
SUR,2014,14914922.0
SUR,2015,17028643.013
SUR,2016,14204812.283
SUR,2017,16061258.604
SUR,2018,15455710.014
SUR,2019,17208047.987
SUR,2020,15805666.495
SUR,2021,18011499.6
SUR,2022,16694703.49
SUR,2023,15039461.837
SUR,2024,15352617.722
SVK,2014,2011573427.168
SVK,2015,1822973085.626
SVK,2016,1966123313.704
SVK,2017,1916683500.171
SVK,2018,1959991430.543
SVK,2019,2062022977.755
SVK,2020,2447316953.929
SVK,2021,2628805527.583
SVK,2022,2652532244.664
SVK,2023,2735824526.957
SVK,2024,3051088999.824
SVN,2014,1227779314.0
SVN,2015,1112286027.0
SVN,2016,1202583576.03
SVN,2017,1335995411.3
SVN,2018,1949350005.39
SVN,2019,4387390743.49
SVN,2020,5886266468.11
SVN,2021,6557357614.863
SVN,2022,9003898680.146
SVN,2023,8728747343.109
SVN,2024,11060883742.888
SWE,2014,4361586304.605
SWE,2015,3816635185.639
SWE,2016,4252850303.67
SWE,2017,4273742906.32
SWE,2018,4615338908.142
SWE,2019,4848111150.064
SWE,2020,5379713148.384
SWE,2021,5928979800.757
SWE,2022,6341014891.902
SWE,2023,6464201449.807
SWE,2024,7360152462.738
SWZ,2014,42128733.205
SWZ,2015,56887612.8
SWZ,2016,52530091.617
SWZ,2017,48161711.604
SWZ,2018,46940942.893
SWZ,2019,44030602.11
SWZ,2020,56306881.95
SWZ,2021,60035167.0
SWZ,2022,44936721.93
SWZ,2023,40456717.24
SYC,2014,16462029.79
SYC,2015,7324091.046
SYC,2016,7018558.136
SYC,2017,8444187.95
SYC,2018,8814366.702
SYC,2019,10157302.779
SYC,2020,10397753.949
SYC,2021,13124862.306
SYC,2022,11522005.491
SYC,2023,17625036.006
SYC,2024,18215218.786
TGO,2014,74255903.518
TGO,2015,99687805.588
TGO,2016,89344137.218
TGO,2017,110482450.308
TGO,2018,81539769.359
TGO,2019,125925201.934
TGO,2020,121069017.015
TGO,2021,143816792.836
TGO,2022,139097530.156
TGO,2023,145254696.744
TGO,2024,120200520.05
THA,2014,1935599187.0
THA,2015,2053280060.44
THA,2016,2117288919.36
THA,2017,2258263237.24
THA,2018,2555564278.9
THA,2019,2484069879.113
THA,2020,2472169817.889
THA,2021,3762079745.804
THA,2022,3518386758.155
THA,2023,3133996459.574
THA,2024,3061167966.36
TJK,2016,35940407.0
TJK,2017,42689497.0
TJK,2018,43458731.0
TJK,2019,48526802.0
TJK,2020,63997865.0
TJK,2021,98663512.0
TJK,2022,142831686.0
TJK,2023,89148919.0
TLS,2017,5743839.6
TLS,2018,6766533.68
TLS,2019,5882421.68
TLS,2020,2430836.76
TLS,2021,3186423.75
TLS,2022,13258250.66
TLS,2023,7068282.71
TON,2014,2007872.0
TON,2017,1868866.923
TON,2018,1186822.898
TON,2019,2083202.742
TON,2020,1598011.643
TON,2021,4159678.537
TON,2022,3978978.71
TON,2023,2627690.001
TTO,2014,148131555.281
TTO,2015,144775246.084
TTO,2016,136114233.111
TTO,2017,144645814.379
TTO,2018,157518272.3
TTO,2019,153092232.833
TTO,2020,157381241.085
TTO,2021,192760190.623
TTO,2022,175547072.935
TTO,2023,167672082.752
TTO,2024,198092299.315
TUN,2014,574085524.0
TUN,2015,502278156.0
TUN,2016,460332380.0
TUN,2017,507293995.382
TUN,2018,541702452.35
TUN,2019,544730902.806
TUN,2020,543949059.59
TUN,2021,612934163.704
TUN,2022,568356537.586
TUN,2023,588546520.086
TUN,2024,660601257.814
TUR,2014,4699801044.0
TUR,2015,4465525291.0
TUR,2016,4259456018.0
TUR,2017,4520075758.0
TUR,2018,4480314975.0
TUR,2019,4911312180.0
TUR,2020,4958182388.0
TUR,2021,6874838638.0
TUR,2022,4559581066.0
TUR,2023,4986408309.0
TUR,2024,5429296986.0
TZA,2014,481370529.0
TZA,2015,403125007.0
TZA,2016,326750722.0
TZA,2017,425232633.0
TZA,2018,281828433.808
TZA,2019,339839175.12
TZA,2020,439207582.58
TZA,2021,458771073.0
TZA,2022,739801715.8
TZA,2023,433152499.63
TZA,2024,358840658.05
UGA,2014,358081442.0
UGA,2015,370961932.0
UGA,2016,312418619.0
UGA,2017,268820904.26
UGA,2018,281158979.93
UGA,2019,300886274.24
UGA,2020,351484708.0
UGA,2021,450894348.41
UGA,2022,564445432.24
UGA,2023,507118835.51
UGA,2024,352626894.09
UKR,2014,2472769430.0
UKR,2015,1367034457.0
UKR,2016,1606956308.15
UKR,2017,1767338715.92
UKR,2018,1947012505.07
UKR,2019,2143147041.01
UKR,2020,2522556593.61
UKR,2021,2985069052.61
UKR,2022,1900210426.92
UKR,2023,2141885882.11
UKR,2024,2433212835.13
URY,2014,236930927.0
URY,2015,241143446.0
URY,2016,247767808.0
URY,2017,255154298.99
URY,2018,250265913.4
URY,2019,255117326.48
URY,2020,275426775.79
URY,2021,294418081.76
URY,2022,360419313.45
URY,2023,380411486.87
URY,2024,426358333.0
USA,2014,73042298937.0
USA,2015,86014133354.0
USA,2016,92512012582.0
USA,2017,96879110876.0
USA,2018,115634521729.0
USA,2019,128237981033.0
USA,2020,139518097697.0
USA,2021,149499507717.0
USA,2022,164993417087.0
USA,2023,177848475884.0
USA,2024,212666782330.0
UZB,2017,811129616.0
UZB,2018,852112190.99
UZB,2019,926812688.65
UZB,2020,1153247880.02
UZB,2021,1592716132.29
UZB,2022,1584955682.3
UZB,2023,1629561070.06
UZB,2024,1677064755.75
VCT,2014,4686384.932
VCT,2015,4311108.874
VCT,2016,4457953.561
VCT,2017,4463179.015
VCT,2018,5292409.234
VCT,2019,4809822.83
VCT,2020,4348761.96
VCT,2021,7945021.492
VCT,2022,6068280.072
VCT,2023,5982481.051
VNM,2014,2173627503.0
VNM,2015,2474224457.0
VNM,2016,2762982314.77
VNM,2017,3038302692.9
VNM,2018,3027091839.26
VNM,2019,3315226775.15
VNM,2020,3553972939.617
VNM,2021,4237730160.638
VNM,2022,3785136867.074
VNM,2023,3732493176.594
WSM,2014,5944232.0
WSM,2015,6318887.0
WSM,2016,5188736.0
WSM,2017,4923808.463
WSM,2018,5381066.22
WSM,2019,4877325.33
WSM,2021,8413672.891
WSM,2022,8132148.594
WSM,2023,7026676.617
WSM,2024,6041186.607
YEM,2014,435261932.0
YEM,2015,213933668.0
YEM,2018,111739167.226
YEM,2019,127845276.145
ZAF,2014,2068703957.96
ZAF,2015,2166566665.407
ZAF,2016,1897866128.955
ZAF,2017,2237723761.349
ZAF,2018,2477321282.076
ZAF,2019,2408616816.872
ZAF,2020,2409133447.952
ZAF,2021,3061087487.851
ZAF,2022,2528186419.889
ZAF,2023,2414251551.231
ZAF,2024,2423265732.636
ZAF,2025,2656890309.251
ZMB,2014,220114146.415
ZMB,2015,238681125.933
ZMB,2016,249024731.757
ZMB,2017,173157960.75
ZMB,2018,270797214.29
ZMB,2019,205456499.675
ZMB,2020,266152396.144
ZMB,2021,355965806.123
ZMB,2022,407095357.448
ZMB,2023,268294803.833
ZMB,2024,307211240.197
ZWE,2014,258312899.12
ZWE,2015,231411591.19
ZWE,2016,201997178.82
ZWE,2017,155443082.42
ZWE,2018,217112315.69
ZWE,2019,206673037.27
ZWE,2020,188712335.24
ZWE,2021,416484074.44
ZWE,2022,245247751.3
ZWE,2023,229622757.25
ZWE,2024,183209153.078
